username,password_hashed,email,created_at,posts_count,experience,level,last_online,country_id
tipsly0,bb4K4A,cstadding0@berkeley.edu,'2022-05-01',82529,15460,17931,'17-12-2021',PL
rpelling1,synZm5Y07,sgreenhowe1@eventbrite.com,'2022-07-21',50699,9882,76902,'05-05-2022',ID
ldenormanville2,eaL5pdFQ,cllewellyn2@cbslocal.com,'2022-04-11',15101,24363,30972,'02-07-2022',CN
lgingles3,zYsNN8piX,eblackey3@storify.com,'2022-07-08',51720,33743,20272,'24-03-2022',PH
telcoate4,GdjbAOcd2A8,kshreeves4@buzzfeed.com,'2022-02-14',83400,18696,88320,'22-08-2022',PH
smacvaugh5,4kIQA7b3VAER,pkingett5@dion.ne.jp,'2022-05-13',7817,97131,86904,'29-04-2022',PH
etheml6,NNbpjy3s26,mwestphalen6@xinhuanet.com,'2022-04-23',78777,60212,78665,'12-05-2022',CN
jparsisson7,wbNke3qV,cjonuzi7@php.net,'2022-07-04',38349,24357,79725,'14-01-2022',UA
jwaskett8,HTedeAp8cSWK,lhourston8@blogspot.com,'2022-09-15',79283,11335,83481,'06-03-2022',UY
htomaszynski9,MNUJrHrZY9Qd,msilverson9@slideshare.net,'2022-04-02',75572,21772,17923,'02-11-2021',YE
nalflata,ziOLJu,kjoplinga@hugedomains.com,'2021-12-22',16880,46556,59750,'03-11-2021',RU
tpretsellb,QOYe7Yzuu,zkorbb@abc.net.au,'2021-10-25',32987,56983,84433,'23-09-2021',PE
crotteryc,WcuMK10AbsD,bwalbyc@cdbaby.com,'2022-06-01',79236,27440,59128,'28-06-2022',ID
dvanaccid,08wJ3fRZ,dwegenerd@studiopress.com,'2021-11-20',13773,69229,8163,'29-01-2022',BR
mcoullinge,7ipVeaBza,alittlejohnse@posterous.com,'2022-08-12',58706,37051,91781,'19-07-2022',RS
cmalserf,x7W0aySjWjZ,wpietersenf@list-manage.com,'2022-08-12',94687,49332,17809,'12-03-2022',CL
aluckesg,eHFZGfBp,rfollettg@ibm.com,'2022-06-27',77073,12589,97606,'18-06-2022',BR
gwenderotth,7qQNSxxMjN,mkemstonh@hc360.com,'2022-07-26',10901,59148,35610,'20-03-2022',SI
slemoiri,SFv037fCA9rW,crupertoi@go.com,'2022-09-11',97828,90058,3054,'19-08-2022',ID
rbarrouxj,cQlGx2UBqSF,pjacobowitsj@youtube.com,'2021-11-13',59987,72243,58979,'29-06-2022',PT
lsimonuttik,OOqWZhwrcp5,mrandk@kickstarter.com,'2022-03-01',27511,53310,51299,'03-11-2021',SE
tchastell,kFz8pr,grenonl@naver.com,'2022-05-15',96707,60975,29197,'05-06-2022',SE
bburghillm,WQCg3ahA,dfeakinsm@cbsnews.com,'2022-08-31',16419,44963,63912,'24-06-2022',SE
cdugglebyn,Ac0BAWDLIeq,etodorn@sitemeter.com,'2022-07-18',59694,57465,50617,'11-01-2022',ID
ipezeyo,xeBMzyayP,icollso@usgs.gov,'2021-11-11',82596,72274,90925,'31-03-2022',VN
sbertsonp,LM80rq,sshorep@va.gov,'2022-09-15',27853,88650,82365,'11-08-2022',PT
kdealq,edh70MS2ICp8,asumptonq@newsvine.com,'2022-01-18',30379,92301,6999,'08-02-2022',CO
wdaillyr,95sXkPcugini,ncornbellr@netvibes.com,'2022-05-02',54083,73965,82575,'14-10-2021',CN
scraggs,MR1zczcg8e,mbootlands@nasa.gov,'2021-12-03',21152,51013,89706,'15-05-2022',CN
sjobbingst,b9Xw7VXtlQ,gecclest@skyrock.com,'2022-02-16',52772,40607,12632,'10-08-2022',AR
apaveru,4utR5RB,omullanu@icio.us,'2022-06-26',18043,79323,4199,'07-07-2022',ID
lbellasv,SzJRpY,hhamilv@epa.gov,'2022-04-29',4428,6774,45397,'04-08-2022',RU
cbulcroftw,3DT16x,fnystromw@who.int,'2022-03-31',73757,90954,20279,'22-05-2022',AZ
fbeddinghamx,zSkWZAXT3pU,jgrasx@phpbb.com,'2021-12-12',22568,81432,80091,'14-03-2022',UG
cfareyy,rI2s3bT,bfillinghamy@whitehouse.gov,'2021-09-27',98294,75259,89559,'31-07-2022',RU
wbritoz,96d9dVy,klosanoz@nih.gov,'2022-01-14',3754,53134,44883,'31-05-2022',TH
hrudolph10,9Z4N8ZR8ok4e,lpo10@twitpic.com,'2021-12-10',98896,9414,33808,'27-07-2022',ID
rbeert11,YpVqOZP6XL,mrichemont11@rakuten.co.jp,'2022-01-28',67368,20822,59375,'13-11-2021',SY
hcookley12,92yM3FRNv1b,tcottis12@ezinearticles.com,'2021-11-30',218,10082,20526,'18-09-2021',RU
apoge13,2gi3EleYoc,sbentall13@jigsy.com,'2022-07-26',18132,87682,59929,'15-08-2022',BT
kmacgeaney14,pRlgnPYKdt,edeathridge14@cdbaby.com,'2021-09-17',33149,46094,23388,'01-12-2021',PH
kreavell15,tkbYex,nsulley15@ebay.com,'2022-07-03',72755,40950,51221,'05-09-2022',ID
carend16,m4Clr5tVQ,jstollhofer16@istockphoto.com,'2022-09-14',29864,70537,71205,'11-03-2022',CN
kbarrow17,0ctABbEGy1,edraper17@google.co.uk,'2022-02-23',29873,7421,3000,'28-09-2021',ID
dmanjot18,pTLX9R,mreith18@usda.gov,'2022-09-02',34796,85577,73079,'24-12-2021',ID
dbartoszewicz19,oNoYPfPJ8,bweir19@princeton.edu,'2022-09-06',14463,9363,12632,'19-12-2021',ME
zwaterdrinker1a,huEPMfaMjH,mjorry1a@canalblog.com,'2022-05-09',61958,18830,26728,'10-10-2021',CN
agofton1b,vDoBBm,djedryka1b@upenn.edu,'2021-11-10',37473,57275,57030,'11-10-2021',GM
veldon1c,phhojs7,tcody1c@sciencedaily.com,'2021-11-17',80381,29261,21643,'18-05-2022',CO
sslimon1d,QfACh52x,gdonkersley1d@bloglovin.com,'2022-08-07',72640,77277,1678,'06-09-2022',GW
cmoger1e,oGLHCyw,abirckmann1e@youtube.com,'2021-10-21',58011,8339,12895,'16-11-2021',CN
pfealey1f,5w5jlB6,mferney1f@redcross.org,'2022-05-05',54950,65818,96892,'03-12-2021',PH
wsloat1g,3j1StAhtAu7,tdymott1g@independent.co.uk,'2022-01-04',95142,46040,70948,'11-01-2022',SE
scottee1h,65j4pE,ttreacy1h@arizona.edu,'2021-11-13',24447,36395,39952,'08-09-2022',SM
welphinston1i,bF0xPE36Ak,kgrestye1i@wikia.com,'2022-08-18',6670,5477,48728,'08-11-2021',CN
hbohan1j,8IwPfiVVLS4s,sbrennen1j@istockphoto.com,'2022-07-09',57465,64757,29535,'29-03-2022',RU
wbonwell1k,joM2Y2h,akeppe1k@webmd.com,'2021-11-18',84159,33038,14154,'14-01-2022',PL
rbottrell1l,SFdNNjpbhZ,hgogay1l@desdev.cn,'2021-11-10',59832,68074,59248,'10-05-2022',ID
gdefraine1m,KcmupQrbLATi,rknill1m@tinypic.com,'2022-02-15',56055,51188,28636,'25-03-2022',CN
sdarke1n,orojgn,bnetting1n@lycos.com,'2022-04-11',86836,95941,97239,'13-07-2022',US
goldroyd1o,yznfpi,bchellam1o@wsj.com,'2022-04-15',14253,34968,73128,'17-09-2021',RU
estockbridge1p,5NWigr,billem1p@nih.gov,'2022-07-11',34842,77658,74161,'31-10-2021',ID
asissens1q,gsXEaWJsv,leckhard1q@barnesandnoble.com,'2021-10-30',43761,70479,11431,'16-02-2022',NG
asautter1r,SbGv8ErFAKF,rgronou1r@vk.com,'2022-08-19',35007,80599,5918,'22-06-2022',KG
ptankin1s,vxSitto,jbedenham1s@indiegogo.com,'2022-09-06',55436,15749,22362,'25-01-2022',ID
ceighteen1t,6UcBEQ,khaddington1t@slideshare.net,'2021-09-30',48910,82336,96723,'31-01-2022',IR
awooldridge1u,A2W1UuS,eliddyard1u@google.it,'2022-07-10',5903,37005,62926,'03-02-2022',AR
aredwing1v,KlgjPvyIkB,kdilawey1v@who.int,'2021-11-28',17957,35355,85781,'19-07-2022',TH
lloving1w,lqhGyyDPVk,fduffin1w@webmd.com,'2021-12-13',1220,23101,88067,'14-05-2022',ID
lhartell1x,nN8ZPMvK,cmerrisson1x@rediff.com,'2022-01-31',61482,93144,62559,'23-10-2021',BR
tdolder1y,mgGHakWKD5Nx,denser1y@opensource.org,'2022-03-20',50591,12316,19391,'04-06-2022',CN
hferrers1z,FC4aRcuPmW,mgeorgeson1z@addthis.com,'2022-08-05',62064,41450,74782,'14-05-2022',MN
fsearles20,iWdTWrsc6K,lkytley20@wordpress.com,'2022-02-12',20002,56143,95385,'10-09-2022',FR
eseymark21,qec4DvymDFTd,chunt21@abc.net.au,'2022-08-21',46555,94552,74335,'23-11-2021',CO
gpiggen22,y5yOtH0U5,cyurtsev22@un.org,'2022-03-07',51809,1732,3767,'08-07-2022',PH
lhagwood23,qcyeBT,astevani23@imgur.com,'2022-01-31',97131,32659,4213,'04-06-2022',ID
jleng24,1s4uuwAT,cfisher24@xrea.com,'2022-08-19',93531,89897,77528,'05-02-2022',TJ
bniaves25,guokdNDtA,rpancoust25@cmu.edu,'2021-11-13',10987,35839,46817,'03-02-2022',PH
tpostill26,chwqvuNrA2,ddines26@businessinsider.com,'2021-11-27',32049,34382,13870,'27-10-2021',ID
ghouseago27,xFdVDPCB4jH,zmannix27@sciencedirect.com,'2021-11-25',14455,63890,56068,'11-06-2022',ID
aingon28,S9Nuust0,hbaytrop28@hostgator.com,'2022-07-22',5643,67257,569,'08-08-2022',LV
pstanway29,negyC5lb5i,rclemas29@ow.ly,'2022-02-12',94948,18806,9264,'27-06-2022',CN
mbrimelow2a,OV6Yj6E,scorroyer2a@spotify.com,'2022-06-19',73324,96497,40430,'07-10-2021',CN
lcoule2b,IXe49pg9HWl,swedmore2b@reddit.com,'2022-01-31',74110,16806,92046,'23-10-2021',ID
pcorsham2c,mM6b4TXm24U7,myankov2c@about.me,'2021-11-22',61184,59214,59690,'06-03-2022',TL
tcathee2d,DGHOIUwT,cbleesing2d@vistaprint.com,'2022-02-08',2728,21025,36967,'11-02-2022',BR
dorhtmann2e,LDldXF,mbeirne2e@stanford.edu,'2021-12-28',51828,4173,15598,'05-03-2022',ID
ggiraudou2f,4IFBFa0V7XCd,smacconnel2f@amazonaws.com,'2022-04-20',52898,27868,66693,'04-01-2022',PT
mjinkins2g,IsEvWB7Tlh,cspaunton2g@shareasale.com,'2022-08-29',42360,59559,37358,'18-06-2022',ID
ifolliott2h,783nhe,hjoincey2h@google.com.hk,'2022-04-19',60743,58596,54709,'23-05-2022',ET
mdewing2i,WlgrZG9,cscrowton2i@ustream.tv,'2022-08-13',8700,56167,55570,'21-03-2022',SE
pstarte2j,2X7M0I6HIt4,elepine2j@sohu.com,'2021-12-28',18099,112,40778,'15-10-2021',FR
schurchyard2k,8txBSKpCO,sstedell2k@xinhuanet.com,'2022-08-31',73365,91996,10533,'11-02-2022',CF
cpolle2l,fTZfwaF3,jlapides2l@google.com,'2022-03-15',71402,60441,51120,'20-12-2021',BR
rvedenyapin2m,LQHhcY,clittlemore2m@wikipedia.org,'2022-03-28',26330,82716,61576,'22-06-2022',RU
bheiner2n,OuzxsDL,cdussy2n@ycombinator.com,'2022-07-02',91160,63105,5329,'05-12-2021',FO
vlucken2o,cvcXL1wIuM,nworks2o@joomla.org,'2022-06-06',87429,30110,1688,'25-03-2022',UA
croxbee2p,DWRWAI,atippett2p@marketwatch.com,'2022-08-03',34999,41778,72505,'03-10-2021',ID
trainer2q,4WW47VRRBY1l,mpickthall2q@google.cn,'2022-02-27',96876,90603,75445,'13-03-2022',CN
lsommerland2r,84FAySA4,vbruckmann2r@ehow.com,'2022-06-20',45513,4335,23980,'26-01-2022',CN
rdutnall2s,YUW0Zq,lshickle2s@ow.ly,'2022-08-04',74300,17897,21922,'06-12-2021',CO
cschutte2t,dHOY9as,tgiottoi2t@wordpress.com,'2021-12-29',55170,35796,58513,'28-05-2022',CL
audden2u,UTAyFZ1dP5,qsetchfield2u@umn.edu,'2021-09-25',32975,18647,80751,'22-01-2022',CN
jdeal2v,eHZ5UtHdtI,hbader2v@people.com.cn,'2022-08-26',22182,91578,34793,'07-06-2022',TH
cgobbett2w,TWYOw7a,wabbay2w@ning.com,'2022-01-17',96702,68679,75190,'03-11-2021',SE
apitcher2x,rj1XjIzxfMMF,rduncklee2x@deliciousdays.com,'2022-09-15',272,63178,33277,'12-12-2021',CN
rgillitt2y,ftqZLL,pbirkwood2y@google.co.jp,'2021-11-02',8137,83892,47518,'03-12-2021',CF
bchristall2z,oAh9nvtyCjDU,fdronsfield2z@dion.ne.jp,'2022-02-05',56646,42661,32023,'15-09-2022',AR
warchibald30,UaLTR9v,nmagnus30@ning.com,'2022-01-30',88412,74831,60211,'01-11-2021',FI
kgreenough31,S1JQmnC,sflowerden31@telegraph.co.uk,'2022-07-23',99317,4427,23401,'27-04-2022',CN
bgalton32,hcKtZzJ,jnilges32@infoseek.co.jp,'2022-08-21',36145,80549,74899,'22-08-2022',CN
gscourge33,iA63TM,mtowse33@ezinearticles.com,'2022-02-11',77208,38536,13302,'03-02-2022',DE
gsteljes34,Ugy0L1T,fellcock34@exblog.jp,'2021-11-18',46371,90850,10838,'18-03-2022',RU
skassman35,7nHwtUe,bchampness35@businessweek.com,'2022-03-07',64563,93452,37212,'11-05-2022',CN
amongenot36,QiNxHtbJRMnG,atriner36@un.org,'2022-02-25',32009,98780,89818,'31-03-2022',GM
foffener37,fH9xGnkL2,abidgood37@nbcnews.com,'2021-11-28',20744,53849,88582,'11-07-2022',FR
lflannery38,NW5svWfUE,rcabell38@comsenz.com,'2022-07-23',40733,34691,88891,'07-04-2022',CN
rchetter39,VTFyEpP8S8D,cmoehler39@nsw.gov.au,'2022-06-08',33684,1870,66290,'12-06-2022',CN
gpates3a,nnRV6q0I2m2P,ndundendale3a@yahoo.com,'2022-05-07',4677,42334,68596,'05-01-2022',FR
ljouhan3b,eEZGXo1K1L,qtapp3b@vimeo.com,'2021-12-01',88974,9271,19046,'09-04-2022',CN
aaverall3c,7tDoHRI,mbhatia3c@state.gov,'2021-10-23',31777,34102,83176,'28-11-2021',PT
csweedy3d,QRDT1TF,jrust3d@home.pl,'2022-02-20',98334,34472,64957,'08-12-2021',UZ
gbiesinger3e,dsK6W3pL,rworsam3e@ftc.gov,'2022-05-10',72606,44642,92457,'19-05-2022',CZ
treveland3f,rCxwd06,ljakubovitch3f@addthis.com,'2022-04-25',71616,42311,83501,'18-12-2021',FR
glife3g,tutxhQIy6Pi,rmcquilty3g@fotki.com,'2022-09-06',88883,61754,51546,'27-03-2022',CN
abeadnell3h,qfrWR6E1lJ,sgilbane3h@mozilla.org,'2022-08-22',44930,14951,14925,'01-12-2021',CN
qedinborough3i,YRAzuP,wmalshinger3i@purevolume.com,'2022-04-06',78601,58390,17157,'11-06-2022',PT
hbreese3j,Xezlmj1DHjk,otukely3j@tinypic.com,'2021-10-25',68010,82364,9560,'17-03-2022',CN
jdomm3k,sqZ8HdmXT,gsaice3k@facebook.com,'2021-11-01',32887,49864,72573,'21-11-2021',SE
mgasnell3l,N2oizDFH,kgrelik3l@flavors.me,'2022-09-06',38935,11407,82556,'05-04-2022',RU
ntaks3m,KwydRsP,tsibly3m@skype.com,'2022-08-20',16061,88058,48914,'16-12-2021',TZ
tconnock3n,dvrFw0BxfaeT,cnice3n@bravesites.com,'2021-10-03',82466,59825,12532,'26-01-2022',CN
bgoring3o,go3VE1,gyearne3o@tumblr.com,'2022-03-14',54113,51609,96452,'22-11-2021',CL
bhowsan3p,TBmIk7Wmp2,tdebruijne3p@booking.com,'2022-07-06',51866,55143,4278,'07-04-2022',PT
mrigardeau3q,IjYKNibe,cgorgler3q@wordpress.com,'2022-06-11',49575,9861,51238,'30-04-2022',TG
awaadenburg3r,WZ279KvukEzp,slucy3r@diigo.com,'2021-10-08',43556,12419,61397,'29-06-2022',CN
lply3s,uvnIrtb,tprosh3s@instagram.com,'2022-06-11',96407,23669,7278,'30-03-2022',RU
ecrecy3t,ZGB0f7l,pbox3t@addthis.com,'2022-02-24',63640,71,25312,'29-07-2022',FR
qlister3u,fSod6TDAYp,fmoxted3u@wix.com,'2022-04-27',33624,71648,21225,'31-03-2022',RU
hbrideaux3v,9U4u1T5xOT,kberthel3v@twitter.com,'2022-02-04',88402,82120,56221,'27-05-2022',RO
rshimon3w,P0mj3SZMRhYr,rhaggus3w@redcross.org,'2022-05-08',33102,24866,99336,'26-10-2021',FM
kchadwin3x,jmc9CaJ,amckeand3x@ebay.com,'2021-09-27',72918,90355,23513,'06-08-2022',FR
jcoslitt3y,SoiNzQEz5h1,rlugard3y@technorati.com,'2021-09-30',354,87493,71682,'27-09-2021',CN
acoyle3z,NRtzM8Zh5b,jhawkeswood3z@blogtalkradio.com,'2022-05-17',85558,8510,57448,'02-10-2021',CN
mleneham40,En4KlzB3,golyfat40@geocities.com,'2021-12-09',15119,12933,81295,'25-06-2022',PK
gmcfee41,qWc8zNLqlMP,jtailby41@cbc.ca,'2022-04-02',86739,93233,87743,'25-03-2022',PE
yiron42,qZztif,sspendley42@ow.ly,'2022-06-28',15489,30224,2301,'22-11-2021',DE
lcrutchley43,sTc27JRYv,nminocchi43@discuz.net,'2022-05-09',14601,90044,96547,'20-06-2022',RS
msherewood44,exoBbu,hdabney44@amazon.co.jp,'2022-08-26',76085,3093,79226,'07-05-2022',RU
growlson45,4r1jZB62HS,abootes45@smugmug.com,'2022-08-18',5500,83596,32047,'22-04-2022',CN
ccobden46,tE1qSmZVQeY7,fbarneville46@163.com,'2022-05-28',90287,24659,50724,'28-10-2021',SI
sbarrick47,0c8NpdEOWzw,kguilliland47@ezinearticles.com,'2022-03-23',37612,48478,54278,'16-07-2022',GR
amould48,luSc75uJp,rminster48@go.com,'2022-02-03',91730,95544,51695,'28-07-2022',CN
gwarden49,IRmnnzJp6snm,tdumper49@blogtalkradio.com,'2022-06-18',63499,99637,66776,'08-11-2021',SN
mtomasoni4a,0uldg9,jtrengrouse4a@trellian.com,'2022-09-14',93491,75662,97065,'12-02-2022',CN
escanderet4b,XRW8rUT,kcreelman4b@irs.gov,'2022-05-18',51057,74701,95087,'06-01-2022',AF
mandreas4c,PcldvmMP9nbM,fbiskupek4c@pen.io,'2022-06-04',68864,27714,14625,'21-06-2022',PE
lscoggans4d,jhZdFUO,cgoodacre4d@adobe.com,'2022-01-03',7575,90490,12574,'20-05-2022',CN
ichildes4e,0ZDaKjWMPwed,ekleinpeltz4e@ca.gov,'2022-01-02',95094,30471,65011,'28-03-2022',FM
focurran4f,AtZPiE3L,iwinborn4f@infoseek.co.jp,'2022-01-14',2834,32623,37629,'11-10-2021',US
dcove4g,FGTyUjZmA7,rrowlett4g@cnet.com,'2022-03-28',79966,73498,41561,'09-08-2022',RU
kspurden4h,e7nEBGd,jvigours4h@goo.gl,'2021-09-29',53541,1189,45022,'25-06-2022',ID
tcrighton4i,BLP4WR3LoODl,ojiracek4i@usgs.gov,'2021-10-18',26650,17721,82039,'04-05-2022',CN
scarling4j,ksl3vhtERZ4m,mbrody4j@woothemes.com,'2022-03-24',30621,63350,76258,'30-10-2021',BG
arault4k,PwC3V8HFO4wQ,vthorby4k@etsy.com,'2022-04-28',57227,6715,15005,'23-11-2021',BR
gwooton4l,ohxV2SdLeGt,tbaversor4l@netscape.com,'2021-10-28',7080,85909,77016,'19-04-2022',KE
mpawlyn4m,JgNrVyrc,slorrie4m@cisco.com,'2022-08-23',88023,76877,67273,'28-09-2021',SI
tmatthewes4n,FxCakwJB1M,tmaudlen4n@springer.com,'2021-12-17',39712,78375,67267,'27-12-2021',GT
tdugmore4o,SCtUkcGuZ,tnibloe4o@cnn.com,'2022-06-23',47404,48409,61406,'03-11-2021',GR
iromeuf4p,umBzJGRj5Pbg,jshiel4p@bandcamp.com,'2021-11-24',89844,43986,35505,'09-03-2022',CN
acollerd4q,dh4IJchy,mcrummay4q@mapy.cz,'2022-05-07',18824,83209,23632,'16-06-2022',CN
tcockman4r,zUQCYEg,gduffin4r@narod.ru,'2021-10-08',43043,36355,83940,'03-09-2022',PE
tfissenden4s,a4Hd8Vycll,fgrigsby4s@oakley.com,'2022-01-04',8311,5232,98555,'19-01-2022',BR
ckyncl4t,dDxHFc,mdecullip4t@pcworld.com,'2021-12-25',6864,44083,11955,'16-07-2022',MY
averdey4u,l7qpnZj5Yo,chearfield4u@shinystat.com,'2022-01-21',92292,94769,28674,'11-01-2022',US
stucknutt4v,jZKPvjy,scumbridge4v@adobe.com,'2021-11-14',23484,56965,90862,'25-01-2022',BR
bwimpenny4w,iyowW1BReVV,jleyman4w@fastcompany.com,'2021-12-06',77939,35603,9821,'23-07-2022',PL
egulleford4x,kWK1QWOzy7K,ijakeman4x@army.mil,'2021-12-08',54869,98237,83356,'19-03-2022',CN
jkrier4y,pD4dg228xCM,crouchy4y@webs.com,'2022-02-08',17223,76530,21743,'08-08-2022',AL
mhaddy4z,ngVwvILj,rashness4z@example.com,'2022-03-17',20540,37749,67202,'08-07-2022',PE
jsybry50,waLe0UzdSXA,mhansom50@blogtalkradio.com,'2021-12-25',60550,66348,57134,'20-12-2021',BR
ddelooze51,Qh8uflZjS5jN,dbradman51@shutterfly.com,'2021-10-27',44085,96769,47367,'21-11-2021',PL
hheinert52,gem9rv,cdibbert52@harvard.edu,'2021-09-30',939,33261,6493,'03-07-2022',PH
pmateo53,dmxsUBU,eliddyard53@gizmodo.com,'2022-06-19',92123,83356,21677,'06-09-2022',RU
imacgibbon54,QPAkM6qFdeZ,cpenhallurick54@ask.com,'2022-05-17',10503,9604,75495,'12-06-2022',PE
dfritter55,5VA1ngS5,sjakes55@biblegateway.com,'2021-10-18',75230,82963,92364,'03-03-2022',GH
cedison56,HI6tq6Wqd,lthomsen56@craigslist.org,'2022-06-02',47883,13532,87258,'29-11-2021',RU
fdaymont57,BJ9FX9c,mgutridge57@ask.com,'2022-07-15',62622,77477,40822,'19-12-2021',BR
elunn58,DgHMiaR9d,htruckell58@weebly.com,'2022-06-13',27705,87646,17078,'12-12-2021',CZ
djudron59,debZua,rfludder59@spotify.com,'2022-02-19',68960,12969,49997,'05-12-2021',CO
bcaroli5a,y38F8Fwm9J,cmingotti5a@last.fm,'2022-03-18',10236,75870,37678,'11-10-2021',PT
mstoffer5b,teWImjiQ,cburniston5b@reuters.com,'2022-04-06',57764,35816,272,'24-01-2022',ID
dhowle5c,n3qgTs,rjamary5c@java.com,'2022-06-12',97150,75067,78832,'26-06-2022',CN
tfollit5d,dNuDTopQL8sW,lgrimsdith5d@dailymail.co.uk,'2022-06-20',4570,5843,16388,'27-11-2021',RU
lheimann5e,MAG9ejKNTOO,isaffen5e@chicagotribune.com,'2021-11-10',4540,18941,97692,'15-01-2022',CN
emartins5f,rhaal8,mpeer5f@ifeng.com,'2021-09-30',51346,53693,89666,'01-05-2022',SA
tmctague5g,HQyyk0ka8Xkg,galfonzo5g@discuz.net,'2022-07-15',94057,41444,4059,'12-03-2022',LK
lcalbrathe5h,u08Xcki,mcomo5h@theatlantic.com,'2022-03-05',41886,4008,62400,'04-08-2022',SE
aboulsher5i,v5hjske,apaal5i@mlb.com,'2022-01-17',70040,23047,49523,'08-10-2021',PY
gregnard5j,pC0T0h,sloddy5j@shinystat.com,'2021-11-23',51089,93307,31525,'14-12-2021',ID
ivinecombe5k,WoDKFbvi,chenryson5k@dropbox.com,'2021-10-01',99196,38014,84859,'18-04-2022',RU
bswadlin5l,EefRvhKhCi,nstrong5l@last.fm,'2022-01-22',37402,34302,524,'06-06-2022',RU
fmish5m,ZA9pIsgO,chambatch5m@hatena.ne.jp,'2021-11-04',18276,93596,70007,'21-08-2022',CO
tjohansen5n,spbtwWReCADo,jfazakerley5n@biglobe.ne.jp,'2022-08-02',85040,6162,44451,'23-03-2022',PL
gdumigan5o,wUOuqWKWKk,pswetman5o@jugem.jp,'2021-10-22',16526,18360,55420,'08-03-2022',RU
pmcgennis5p,V2sTTX,novesen5p@privacy.gov.au,'2021-11-23',92669,27275,91807,'23-06-2022',CN
dquarrie5q,GylN0AfRh,aclara5q@google.it,'2021-11-22',86004,57846,50421,'21-05-2022',MA
gbowne5r,Pg6RpoG,habrahm5r@usgs.gov,'2022-05-03',69631,43503,37014,'24-03-2022',SE
ameakin5s,OPVBek3zSYy,broark5s@quantcast.com,'2021-11-11',60069,75799,4873,'20-10-2021',CN
dspiers5t,UxBbj0GsUY,pplan5t@jimdo.com,'2021-10-28',63679,24846,45579,'13-03-2022',ID
etestin5u,69b8hLJlt7C6,fszantho5u@admin.ch,'2022-08-29',30689,6819,95129,'20-09-2021',ID
hscocroft5v,kpzatgu0QNnS,pdobbings5v@senate.gov,'2022-08-18',76585,4922,34225,'25-12-2021',NG
iquarles5w,ctCuBOpKc6,lgwioneth5w@google.com.br,'2021-12-12',39579,39882,86876,'01-11-2021',CN
hary5x,MTfbd1aLwoV,lvlach5x@domainmarket.com,'2021-10-06',53876,2870,98594,'14-11-2021',CA
dgoodie5y,hAcRNpt0k,mmccombe5y@hatena.ne.jp,'2022-04-26',40295,17656,63024,'08-08-2022',CN
vmccoid5z,LpKh8yunKY,lpuddefoot5z@accuweather.com,'2022-02-14',58754,29549,3454,'26-01-2022',KZ
llowey60,raHy70N,lhedling60@google.nl,'2022-09-03',52225,77310,89572,'12-07-2022',BG
lferrarini61,g7I5LEkwYyG,tmaase61@ovh.net,'2022-01-11',45696,54466,81344,'16-12-2021',ID
hgascar62,VQhkWZS,btorrecilla62@yale.edu,'2022-01-28',96035,34462,65048,'15-11-2021',ID
mjohananov63,57azVBaBe,rdensell63@com.com,'2022-06-10',52265,278,48370,'24-03-2022',FR
pgreatreax64,7yPz3zdLWpNc,kcastell64@blogger.com,'2022-02-01',90501,27105,32568,'07-08-2022',CN
ccogger65,DULP3Z,rsiddele65@hostgator.com,'2021-12-27',87486,75434,63447,'13-11-2021',ID
amatveichev66,4HARLm0,hcase66@harvard.edu,'2022-05-02',7868,82592,94305,'03-01-2022',BY
bhabens67,5auEnGBZA5aO,qcullin67@miibeian.gov.cn,'2022-08-17',77515,86492,45587,'01-01-2022',RU
rgarthland68,meoEbwwzK9DO,aaddeycott68@seesaa.net,'2022-05-18',44267,44299,42975,'10-11-2021',GM
yneicho69,gxW6Zud,aduligal69@eventbrite.com,'2021-11-20',74486,67508,66293,'05-03-2022',CN
sjezzard6a,YumyhlMyr,bguyet6a@patch.com,'2021-10-16',25920,78661,32484,'01-12-2021',PH
ewyrill6b,eJb69sX6w,kholtum6b@ihg.com,'2022-04-13',69195,60950,30516,'16-04-2022',PE
sferrierio6c,xRxUq4Mong3o,nbeaman6c@shareasale.com,'2021-11-26',70442,31257,12402,'02-08-2022',CZ
pphilipard6d,mbvuzW3o,gthamelt6d@slashdot.org,'2022-06-29',75999,42364,94569,'02-05-2022',PT
nharesnape6e,UmbeZiOhj,sexton6e@adobe.com,'2022-03-18',21269,84524,82480,'15-03-2022',AR
bsaterthwait6f,FKnpQph1,rmccorley6f@nifty.com,'2021-11-17',80651,48500,16422,'13-09-2022',AI
rlamacraft6g,MyZaC1uuO,jwinchcombe6g@hud.gov,'2022-04-17',70083,38096,12427,'14-07-2022',CO
mboggers6h,CnxhhdX9zZ,vhouldey6h@howstuffworks.com,'2021-09-22',56918,67129,5090,'14-03-2022',US
mfagan6i,J0DsJHMmUn,slindl6i@businessinsider.com,'2021-10-06',69860,53592,95632,'14-01-2022',PR
btroak6j,F3a3Aq69epFe,cschuelcke6j@weibo.com,'2022-08-11',78355,16443,71318,'07-07-2022',AR
epunchard6k,UeV6g6d,fteulier6k@bbc.co.uk,'2021-11-04',68845,25961,48687,'17-05-2022',PH
mcinnamond6l,gK4mqkt2vjH,candrioletti6l@timesonline.co.uk,'2022-07-27',1304,27912,17178,'31-07-2022',PK
jpriel6m,jAJUS1uTJL,chendrickx6m@sphinn.com,'2022-09-12',44842,75393,77901,'10-03-2022',AL
owilbraham6n,77MIkeozpy3,ldyte6n@examiner.com,'2022-05-01',85518,16217,62837,'27-12-2021',SE
rtruse6o,oGGloxzi,mbrymner6o@umn.edu,'2022-02-20',9926,10256,3720,'08-01-2022',UA
mbratty6p,YgZJinYbIKC,elevison6p@china.com.cn,'2021-11-10',19514,45873,8956,'26-07-2022',BA
ocarrick6q,7nCrY2,lburdin6q@prnewswire.com,'2022-03-08',39199,77947,64111,'26-05-2022',CN
mvanbrugh6r,X7W66sCUWnEN,cleroy6r@sfgate.com,'2022-01-05',70477,12268,93866,'28-12-2021',YT
jmooney6s,0Gowbyhtv,ameins6s@imageshack.us,'2022-04-05',24002,16730,17232,'29-11-2021',CN
fzoren6t,PnVnSmb,spollard6t@tamu.edu,'2022-01-21',88583,57409,86189,'12-04-2022',MN
charbert6u,eIsAaBZfQ,creah6u@so-net.ne.jp,'2022-09-13',88551,26295,34113,'16-02-2022',AR
kaslet6v,Y9Wx3ENYEV,fbassill6v@goodreads.com,'2022-01-10',42198,51086,6925,'30-08-2022',AR
gdaudray6w,lsexP5a,gmartellini6w@state.tx.us,'2022-01-30',53344,58410,23005,'06-02-2022',SE
nbish6x,N9I3znIBIZ,jshillinglaw6x@studiopress.com,'2022-04-22',64971,14807,31013,'01-08-2022',SD
chewell6y,n5u63q9G,dstoffler6y@a8.net,'2022-07-29',86006,30063,24374,'02-07-2022',NG
rbrayshaw6z,GXX8xOIDM,aroberds6z@usatoday.com,'2022-05-16',45979,75488,38170,'19-12-2021',FR
apurkess70,yKJVAa1,rnutt70@youtu.be,'2021-12-25',7798,51165,46707,'13-08-2022',CF
jcharge71,XOOB0ntUl,obeddon71@cnet.com,'2022-02-11',48498,93519,26257,'28-01-2022',CN
dmacskeagan72,FLPoIQMv4,xvannozzii72@wordpress.com,'2022-01-13',1864,20921,85042,'16-03-2022',CZ
egorton73,lLt2yPFnl,cjado73@msn.com,'2021-10-24',51367,81165,58974,'12-12-2021',PH
dwyness74,FnIsutmXxg,oleggate74@people.com.cn,'2022-03-27',1445,52875,38729,'21-09-2021',RU
cbastable75,klhY1xJ,tcordes75@wsj.com,'2021-11-19',12517,81990,13334,'31-05-2022',PE
jdmitrichenko76,30yr2CWwJ,gveracruysse76@shareasale.com,'2021-12-28',12794,15797,897,'09-05-2022',RU
gdrohane77,HjEc8f,mmccarrick77@seesaa.net,'2022-01-26',78510,17692,93929,'01-10-2021',PE
sblenkin78,Bp1pDxO,fqualtro78@china.com.cn,'2021-12-16',65494,23153,51663,'05-09-2022',FR
tbrundell79,52i3gjQ,astallworth79@goo.gl,'2021-12-11',72238,7796,99240,'27-11-2021',ID
bcometti7a,b4dyHE0,srawne7a@mysql.com,'2021-10-01',32494,70618,62853,'14-05-2022',GR
ptesyro7b,zxBLfZ3twN,tinder7b@theglobeandmail.com,'2022-06-26',624,61367,32118,'20-02-2022',CA
gmaltman7c,zad6nba3,fcromly7c@squidoo.com,'2021-10-04',90450,1028,27037,'16-11-2021',RU
cbrayshaw7d,iojLTT0,lminthorpe7d@hc360.com,'2021-10-16',32879,55931,17981,'13-07-2022',ID
msambidge7e,dDhk6KDBOeD,ddeanesy7e@state.tx.us,'2021-12-29',5647,82303,61203,'16-05-2022',KP
ebeams7f,CkkJNr,fmyerscough7f@elpais.com,'2022-07-13',29027,64721,99654,'01-09-2022',CN
mdecourcy7g,tTMvaJqGCPR,cfowells7g@guardian.co.uk,'2022-01-24',86135,31644,76412,'28-01-2022',RU
lcalam7h,AI8JfXT,otinker7h@google.co.uk,'2022-03-25',21290,34382,45552,'22-05-2022',AM
jpieterick7i,y3udaBBiqqp,sspargo7i@zimbio.com,'2022-07-30',2189,93027,38973,'03-12-2021',PL
imacalister7j,hMNBNdiP,ggiovanazzi7j@un.org,'2021-12-09',38897,96644,18305,'08-10-2021',PE
aregler7k,ebyEBXKxOCY,mmarguerite7k@newyorker.com,'2021-12-12',15198,72987,65929,'18-11-2021',AM
mhaughin7l,3Yb1ARDbh,chandrick7l@amazon.co.jp,'2021-11-23',21878,60677,51585,'15-07-2022',PA
gcelez7m,7IryuQwf0,jbiskupski7m@hugedomains.com,'2022-03-11',17220,57441,73804,'13-10-2021',RU
mfiloniere7n,nNts8FuD,bferns7n@vinaora.com,'2022-01-30',70698,25601,27456,'19-05-2022',BR
sscramage7o,mQ6sFNG,mmoulsdall7o@indiegogo.com,'2021-10-14',49122,57362,89788,'15-09-2022',RS
bnares7p,qYQ7v17eqy3,bbruce7p@jugem.jp,'2022-06-14',11096,57367,68760,'29-05-2022',PT
ggiacoppoli7q,eSZo6L0D,nsoares7q@sun.com,'2022-05-21',27542,79839,57592,'23-07-2022',MG
lleveret7r,aQiMmQ,tlundbech7r@mysql.com,'2021-10-04',15278,77455,77965,'20-08-2022',CN
ifaill7s,5D4Ct5O,wkonrad7s@icq.com,'2022-05-21',41489,90935,63958,'03-08-2022',ID
mjans7t,3WNayD,cgarriock7t@instagram.com,'2021-10-22',36587,39275,26894,'11-12-2021',US
mwinscom7u,HBnEsy4,wradborn7u@biglobe.ne.jp,'2022-04-15',48702,49249,3208,'09-02-2022',CN
hsambrok7v,3D0pZwuq,sbaptista7v@chron.com,'2022-03-12',55541,70033,99426,'02-06-2022',CN
gcamm7w,vIKkQlBGDMQ,dsamber7w@reverbnation.com,'2022-05-01',43610,3588,52716,'12-03-2022',ID
ctouhig7x,5lQB7kcs,mjehu7x@uol.com.br,'2022-05-27',86528,28044,12714,'28-05-2022',MN
oflowerden7y,P6Wk14ea,ajaquest7y@scribd.com,'2021-09-26',93035,36985,38007,'22-07-2022',RU
rcorriea7z,wjSvKH1q0,kfaithorn7z@npr.org,'2021-09-26',44710,34094,21133,'30-06-2022',CN
egedge80,fd0BoGvY,edislee80@businessweek.com,'2022-06-30',17646,80030,72513,'08-12-2021',CN
bdyment81,FVuXDIrv2E,rflello81@goo.ne.jp,'2022-02-25',7012,39305,91547,'07-10-2021',ID
oweinberg82,3pHOPCbUeI,tantrum82@example.com,'2022-05-14',34892,12568,74816,'12-09-2022',CN
dfillan83,OOlfR9iZfdjU,cchaulk83@sciencedirect.com,'2021-12-27',65080,83163,32172,'07-04-2022',PE
ddelves84,sxG0alBW2Ilh,mteall84@weebly.com,'2021-11-14',7291,42841,77951,'22-07-2022',PT
tyellowlees85,EWBvSLVRrX,dsowood85@4shared.com,'2021-10-25',36827,56892,82805,'19-12-2021',CN
kschonfeld86,ulnX3bTheJ,hadderley86@bandcamp.com,'2022-01-25',29531,55326,21504,'24-10-2021',RU
mabernethy87,Ro1u41pvFYJU,pproctor87@arstechnica.com,'2022-03-22',64139,59895,14336,'26-04-2022',FR
flafuente88,KDj0lf,acasper88@cpanel.net,'2021-11-24',74768,13581,75386,'14-07-2022',ID
rbrazelton89,n7Gyrt7,tades89@pen.io,'2021-10-15',25495,32025,89726,'27-06-2022',DK
credshaw8a,I4juAK3YA9,lkarslake8a@jimdo.com,'2022-06-06',31318,16219,85779,'03-03-2022',CZ
hfortnum8b,RusdwBHjRJC,fmaccourt8b@usgs.gov,'2021-12-30',10986,10162,68511,'31-05-2022',UG
pansell8c,3YFkrzF9Yy1,mstoad8c@liveinternet.ru,'2022-05-07',44026,79415,62578,'06-06-2022',PT
lmarshal8d,Pc98JHSx,ldixcee8d@hexun.com,'2022-08-25',959,92774,57856,'30-12-2021',ID
lheindl8e,hxfb6XY,jprobbing8e@cyberchimps.com,'2022-05-13',3576,24221,72556,'03-08-2022',FR
dbrehaut8f,MW7qYjx5LqBo,sbouchard8f@princeton.edu,'2022-03-20',39948,50002,74506,'29-03-2022',GT
hmcairt8g,VqFMb3xn5DKU,mkenchington8g@4shared.com,'2022-04-03',91675,19031,94610,'09-03-2022',VN
vkilner8h,hW8jNEVqPE,venderby8h@devhub.com,'2021-09-25',36967,654,62709,'15-06-2022',AR
eeubank8i,6YqVEzSn8,jnancarrow8i@europa.eu,'2022-01-26',46261,33244,43658,'04-01-2022',CZ
wgytesham8j,0oQBJvBEtR,mpelzer8j@naver.com,'2022-04-20',70555,23778,87636,'19-04-2022',ID
jhuygen8k,JeU7So,jdomaschke8k@ucsd.edu,'2021-12-01',15545,736,30619,'25-05-2022',ID
jaulds8l,Fz4zftH9vm,mpepys8l@usnews.com,'2022-02-10',55424,82851,71443,'14-04-2022',ID
cmaudlen8m,i9vQj0uvhJP,rthorneloe8m@wisc.edu,'2021-12-26',41645,13405,87015,'10-06-2022',US
bgaineofengland8n,Efyzk2YG5,nreichhardt8n@i2i.jp,'2022-08-23',7979,55389,92624,'18-10-2021',FR
mclericoates8o,m4MuUW,badey8o@ihg.com,'2022-02-04',74787,60432,59273,'13-11-2021',BR
bsthill8p,v2H09FLQJCGk,tchisholme8p@delicious.com,'2022-03-09',15132,2761,89248,'17-10-2021',CN
hpharo8q,KM8XzmlEgGfD,aoman8q@adobe.com,'2022-01-21',53005,78123,34033,'27-05-2022',UA
jhaslewood8r,cYua7fJ3zocL,hgniewosz8r@about.com,'2021-11-16',9150,76299,81006,'02-09-2022',PK
mheartfield8s,ughbhtTq,ktowlson8s@stumbleupon.com,'2022-07-28',40827,2247,437,'04-09-2022',SE
ggarci8t,kU9xy7V,ramiable8t@technorati.com,'2022-07-14',67081,33405,17091,'08-06-2022',CN
jhandrahan8u,KgsuWXdG4Tg,ehansom8u@pbs.org,'2022-07-23',64000,73184,32830,'27-10-2021',CN
alittlemore8v,dfQyHn,eexrol8v@loc.gov,'2022-08-27',36384,94422,60054,'12-10-2021',NG
rbeardsdale8w,S1DoiL,ogorham8w@storify.com,'2021-10-05',95940,41526,19275,'03-08-2022',CN
aantonik8x,kQInkmkT0ojN,rhucquart8x@mysql.com,'2022-07-12',54468,30993,93673,'27-10-2021',ID
bsabattier8y,BVBZTKw29,lrappaport8y@over-blog.com,'2021-10-14',87362,68561,20572,'04-12-2021',TH
jdinisco8z,HhXAnWWyMdz6,acoady8z@arizona.edu,'2022-02-05',49680,47314,31983,'02-07-2022',BR
ocockin90,LcXRPnt,chansill90@github.io,'2021-12-10',23775,16503,91859,'24-11-2021',SY
bworthington91,pleYxj,amaynell91@comcast.net,'2022-04-24',55727,11481,88612,'14-08-2022',VN
smacgarvey92,ft29HCRyt,vhartegan92@prlog.org,'2022-02-12',79538,15328,46225,'12-07-2022',CU
hsheehy93,v6nT85ldV,kfarncomb93@moonfruit.com,'2021-10-28',20138,1835,34392,'14-12-2021',CN
mbraam94,NIL6DRqmn,aalenikov94@ifeng.com,'2021-10-19',91613,42,93406,'11-06-2022',CO
hsenyard95,Xi2r1m7upUc,hbrunone95@moonfruit.com,'2022-03-16',52615,67509,73781,'31-05-2022',TH
sgingell96,bqP5DVCYr,sponton96@prnewswire.com,'2022-03-01',56675,34539,87285,'18-12-2021',MS
dsainter97,haO2kZc9,hfazzioli97@cloudflare.com,'2022-02-15',47576,50554,61561,'27-07-2022',PH
sburnand98,SqeZFx4LJ984,dlesieur98@joomla.org,'2022-09-06',40847,80525,59812,'21-02-2022',DE
eshard99,N0ABiEi,mfalkingham99@netvibes.com,'2022-01-26',59737,7002,85338,'23-04-2022',CN
msampson9a,oezRJie6ntH,lfillingham9a@taobao.com,'2021-11-30',9032,395,62191,'07-03-2022',AW
epestricke9b,QDkYLKP,swelland9b@zimbio.com,'2021-10-01',75347,30833,8899,'14-12-2021',AF
smorad9c,o2y7FeXe,bborrowman9c@clickbank.net,'2022-05-16',8756,81711,98587,'21-02-2022',CN
wsproston9d,TtvZm5W,blillie9d@netscape.com,'2021-11-19',29664,23358,79239,'02-11-2021',CN
gbrunke9e,AzdGN6,kspawton9e@mtv.com,'2022-06-03',25764,25090,75728,'07-02-2022',RU
vcobain9f,Yvvw4WW8wk6,emonkman9f@mashable.com,'2021-10-30',18922,24281,66213,'20-03-2022',ES
mjannings9g,j1Nbhv3jun,hrollings9g@reddit.com,'2022-06-25',19467,34722,35608,'25-07-2022',JM
hbuckeridge9h,ICiaz57jzoeh,lorteau9h@intel.com,'2022-01-05',34764,77743,85439,'06-06-2022',PL
jelsworth9i,K66S9SBYFRSF,alewtey9i@yellowbook.com,'2022-02-22',53922,8317,20647,'17-10-2021',CZ
trockingham9j,rCj5vV,tkarpfen9j@gmpg.org,'2022-01-11',78841,24277,5897,'17-05-2022',CN
squaltrough9k,I041UW,edoohey9k@ihg.com,'2021-10-24',58071,43062,5640,'19-10-2021',RS
dminto9l,9NbBWfGtRP,mbeefon9l@altervista.org,'2021-11-06',60137,91420,49625,'18-07-2022',TZ
cadnams9m,Lc5pfys,rbaumann9m@weather.com,'2022-02-06',55036,21130,25940,'14-01-2022',BR
vgasking9n,ffsP8TG,bbreewood9n@auda.org.au,'2021-12-15',35916,15293,93391,'25-06-2022',CO
groskelly9o,cKVymy3VMo,aschultz9o@geocities.com,'2022-07-03',99519,59827,71330,'29-07-2022',US
mpashenkov9p,2RqmNfX,awinsper9p@fema.gov,'2022-03-15',78969,68254,13458,'12-12-2021',CN
njecks9q,CO1TicRyZrb,ocayet9q@taobao.com,'2021-11-09',3595,10090,31508,'26-05-2022',KZ
asent9r,qwR200kd,sdallander9r@desdev.cn,'2021-09-30',9309,46112,41553,'17-03-2022',SA
bkinny9s,vHkIYdlVQCQ,ctibb9s@liveinternet.ru,'2021-10-21',71791,72061,22715,'06-10-2021',FR
wspinetti9t,31OpEBnRM,rscrowton9t@aol.com,'2022-06-24',78598,86866,80136,'10-07-2022',PL
kdittson9u,szWtgRKMMy,maspell9u@google.cn,'2022-05-28',20689,26984,34239,'03-08-2022',UY
igunther9v,arW5kc,rposselow9v@google.com,'2022-08-25',45788,12742,98217,'26-09-2021',CN
corrill9w,lLsc9irXPQ,mloffel9w@fda.gov,'2022-07-01',9495,73625,59756,'03-08-2022',RU
apimblotte9x,H2fdHk,ribbs9x@bigcartel.com,'2021-12-11',16627,58614,42732,'25-09-2021',HR
gmcsparran9y,pjYTSc,nhamblin9y@flickr.com,'2021-11-01',64432,63816,34372,'08-06-2022',PT
rpound9z,zspxSp6gu,tmccaull9z@ow.ly,'2022-03-10',30432,82832,38286,'13-05-2022',GB
dvanthooga0,1Lemq0,jwankaa0@topsy.com,'2022-02-21',85069,63951,16261,'10-10-2021',TH
mrochella1,bD44FW3gbB,scorainia1@diigo.com,'2022-05-12',69078,5179,44297,'27-02-2022',SE
psnellera2,gLCnzaS,adana2@pen.io,'2022-07-30',29012,21234,14580,'13-12-2021',CN
laylinga3,TOlFcca,fcartina3@sitemeter.com,'2022-06-17',47598,46376,33994,'08-05-2022',DK
dmaclaiga4,1fujeDGNtSz,tguieta4@feedburner.com,'2021-11-13',67107,69374,42183,'24-01-2022',SE
mbortolomeia5,r4JJ60jq0b,lfullertona5@icq.com,'2022-05-24',29645,64099,17402,'22-11-2021',CN
cgudea6,vGRIFWWp,dwashbrooka6@t.co,'2022-08-24',17879,31503,99334,'27-04-2022',RU
jkeunekea7,h6bOhv,wbaudassoa7@cargocollective.com,'2021-12-13',25025,19377,78848,'29-04-2022',JP
cmacafeea8,uKlqNoD,mroneya8@uiuc.edu,'2022-07-03',94083,33339,34578,'20-05-2022',GR
czmitrichenkoa9,fKwRKytnvm,lwrena9@miitbeian.gov.cn,'2022-06-23',92286,98173,87551,'27-08-2022',ID
mhallowesaa,93KkbZysxak,rpondeaa@imdb.com,'2021-09-26',98456,62500,42121,'04-04-2022',PH
rmeasorab,zOitDkCMzIL,dmccreedyab@imdb.com,'2021-11-30',15868,24170,72396,'02-08-2022',RU
rsimondsac,AwlV4wC6,tofficerac@ebay.com,'2021-09-26',9251,27427,59040,'01-09-2022',JP
tkilliamad,jmj00DnNN37M,mbraidenad@wiley.com,'2022-01-02',93302,6951,32204,'09-10-2021',BR
ntoothae,XvIAttep,rwinterburnae@tuttocitta.it,'2021-12-03',36770,35333,59297,'06-06-2022',PY
wrenishaf,ED6pgJY,scooleaf@furl.net,'2022-08-26',72308,1018,56460,'14-01-2022',CZ
cdomleoag,7we9DTYwfwU,emainsag@opera.com,'2022-01-09',49822,74801,56111,'25-01-2022',CN
amadisonah,TOxzE8h,ncolledgeah@oaic.gov.au,'2021-12-23',75258,11186,19259,'16-07-2022',IT
hphippinai,wtoSSb6,rsyphasai@globo.com,'2022-05-18',55968,26804,96878,'29-07-2022',CN
mstidworthyaj,pIDlngLFgb9y,dfullickaj@miibeian.gov.cn,'2022-05-30',75339,28118,18717,'06-10-2021',PT
wbruffellak,8fVV1hJErB,tgockelerak@columbia.edu,'2022-02-28',22755,15484,20702,'31-03-2022',BG
ibordisal,y0Q1bQZc,mburrilal@weather.com,'2021-09-21',81195,85981,76705,'29-10-2021',PH
kquesneam,t6AUYk,cdoranam@chronoengine.com,'2021-09-23',44578,94397,59891,'29-01-2022',CN
ddumbltonan,nnkFO9DE,klettyan@cnbc.com,'2021-09-27',94195,11628,42821,'22-01-2022',GR
pjaneao,ztGNudixNgm,htruscottao@google.ca,'2021-11-10',80391,71808,6942,'29-11-2021',AL
abonafacinoap,Svg5e7ft,dhemphreyap@blogtalkradio.com,'2021-10-05',56524,69785,59011,'27-04-2022',CN
lmoriganaq,n8OQr6ykkh,sheddyaq@cnn.com,'2021-11-04',76603,62909,81647,'29-12-2021',CN
bocurranear,oVn7vxa5UGfZ,hmulvanyar@engadget.com,'2022-05-18',94853,18439,38235,'27-08-2022',NL
dcrucettias,FzQ807,ctiftas@ovh.net,'2021-12-12',65056,40548,53171,'20-08-2022',CN
ulagdenat,oLok4osCWWQ,emalinat@furl.net,'2022-05-26',64459,1236,84020,'20-02-2022',MX
djoanicau,Oz0Dip,snightingaleau@youtu.be,'2022-02-21',10265,62230,60857,'27-04-2022',GT
mcafeav,2FuKKpem,rgidneyav@ucoz.ru,'2021-11-08',48025,12225,19673,'10-01-2022',CN
arodgersonaw,NrAkErFoe,sogradyaw@nationalgeographic.com,'2022-06-19',53918,85296,98100,'23-05-2022',CN
mjaimezax,JgERJf1,bvettoreax@reuters.com,'2021-10-10',14035,20971,55649,'06-10-2021',PL
pweedsay,MBOWT2S7N,tbellorday@thetimes.co.uk,'2022-03-15',53233,36246,35763,'21-06-2022',PK
tboobyeraz,wmvijoW5JN2A,rhaslumaz@disqus.com,'2021-10-03',71236,11098,73351,'19-08-2022',VN
ibaudryb0,jJa5DPHd,estillwellb0@weather.com,'2022-08-07',26103,3226,39118,'04-05-2022',NA
aoldallb1,E7t4mt,vscarrisbrickb1@mlb.com,'2022-04-18',80137,52736,99537,'04-05-2022',TW
kmaddersb2,0gbDFg,falfwyb2@rediff.com,'2021-09-21',30018,78386,45239,'10-05-2022',CN
pcallenderb3,T1nHNw,cpenkb3@imdb.com,'2022-05-13',51758,85414,79674,'10-04-2022',RU
jabbesb4,vTf0Kf,jpetrisb4@sfgate.com,'2021-10-04',60645,24743,98379,'09-11-2021',AR
dpollastroneb5,uXke6T,ebedinnb5@networksolutions.com,'2022-09-09',32178,21220,5408,'01-10-2021',SL
pdomenicib6,tAr7Jn,efleischerb6@salon.com,'2022-06-09',93741,55836,50187,'05-07-2022',CN
ahowickb7,F6aCffHC6Ap,chatterb7@t-online.de,'2021-11-28',96995,54284,14250,'25-08-2022',HN
mpetruskevichb8,gtAgn3O4wvs,awestbrookb8@tinypic.com,'2021-11-26',36144,59823,13710,'21-03-2022',ID
lpawelkeb9,GkTcQ4m4rQM,hjouannyb9@pagesperso-orange.fr,'2022-08-05',91745,91919,46383,'30-04-2022',PT
nsherbrookeba,A2mEpF,sclaisseba@booking.com,'2021-10-13',80780,59006,66360,'02-05-2022',CN
cmccallionbb,pLFU2RQ,aevelingbb@nbcnews.com,'2022-07-18',99457,45995,80027,'19-09-2021',VN
dengelbc,zhKUFHVIyO,kgorvettebc@liveinternet.ru,'2022-06-10',30842,72455,61590,'31-03-2022',CN
kcatonnetbd,iiFmVg,skearlebd@spotify.com,'2022-01-05',28964,63925,89107,'05-04-2022',BR
efarrisbe,Uj4RvgYNYSEo,lristebe@facebook.com,'2022-06-29',71116,82018,44480,'09-05-2022',FR
bsteinorbf,vurDGtlaqcX,nfreemantlebf@google.ru,'2021-10-20',94228,43167,62748,'23-07-2022',CN
mcaserobg,1sE2qf,mtibaldbg@ed.gov,'2021-10-21',56046,11203,55310,'26-03-2022',LK
mheenanbh,0wbzxQ7zj,cclulowbh@loc.gov,'2022-02-12',17860,98399,69395,'05-05-2022',EE
laltenbi,fAC6Gy,npershousebi@craigslist.org,'2022-07-30',7777,13340,11998,'16-08-2022',SE
dganingbj,ckcem0P,cclaessensbj@un.org,'2022-03-13',93232,93978,31320,'05-09-2022',CN
lfirbanksbk,V3nUo5wYCWb,dlehrianbk@free.fr,'2022-01-23',54565,35155,76783,'08-06-2022',PT
mkeatonbl,kofguL,lmulfordbl@taobao.com,'2021-11-15',84185,12703,14358,'11-12-2021',PL
mdunseithbm,ijUUFAdMpi,cobroganebm@live.com,'2022-07-12',66096,22281,64936,'30-03-2022',FR
nropkesbn,bINkJLEZHp,mflowittbn@myspace.com,'2022-07-23',45125,18210,53058,'01-01-2022',BR
cwhitebo,Ut5a8V5U,asurgenerbo@upenn.edu,'2022-02-09',21424,39143,23454,'29-10-2021',CN
rmccrackanbp,pOZtV16Ox2F,htaylorbp@hhs.gov,'2022-08-17',98588,45681,73153,'08-01-2022',PH
vmarushakbq,BjoczAaj,sacresbq@plala.or.jp,'2022-06-12',76715,31918,2701,'25-08-2022',BR
wkellegherbr,ZmPgFR0b,itoftsbr@salon.com,'2022-03-29',5222,89519,73562,'13-03-2022',PT
pmccordbs,AZGhmMlqxB,rwashbs@meetup.com,'2021-11-16',84937,29409,85818,'03-07-2022',PL
fchettoebt,FseT3V1eTGO,ihemshallbt@instagram.com,'2022-07-30',36102,56138,15764,'08-02-2022',PL
syerrallbu,PnaX84jI,nsmeebu@umich.edu,'2021-12-26',59142,17133,85941,'25-09-2021',RS
esailorbv,8mvaM4t3b,hhallowsbv@state.tx.us,'2022-09-13',49379,92506,15791,'18-01-2022',CZ
jwarsopbw,xrNVIr5,ostokoebw@answers.com,'2022-02-21',87922,37081,67020,'11-05-2022',CN
jkintishbx,q1vfQ7i4HImp,obarajasbx@indiegogo.com,'2022-09-15',51405,61851,57634,'23-02-2022',ID
tbalsdonby,H4rhsOxEd,fdunningby@nature.com,'2021-10-28',57022,1679,91568,'07-02-2022',GB
htwiggsbz,rfmLJAJ,nyakobowitzbz@stanford.edu,'2022-05-21',69315,15828,96571,'05-06-2022',UZ
dlarderc0,JE0gLPNue,kpolc0@earthlink.net,'2022-07-05',61857,9738,32923,'24-10-2021',PL
jtolomioc1,OP5xuXPNbHr,tpedronc1@webnode.com,'2022-01-26',80443,19876,93161,'07-07-2022',BY
qmichiec2,NFcDrL,ctubblesc2@mail.ru,'2022-02-05',55667,53657,58287,'04-02-2022',PH
kborzonic3,ZrYj0TicFE7,vparkec3@shutterfly.com,'2021-09-17',48901,51155,21967,'09-09-2022',GH
krisdalec4,uz9GYmk,fkayzerc4@dailymail.co.uk,'2021-10-27',65062,88336,68219,'17-04-2022',CN
bmatkovicc5,GhnhecxUBXw,ryansonsc5@paginegialle.it,'2022-03-11',94309,19585,49436,'16-08-2022',CN
estrasec6,LCn5jmPZwd2,vfrushardc6@t.co,'2022-01-30',25737,62394,22739,'13-06-2022',SE
cmularkeyc7,4eGU3Hvh,mlubertic7@house.gov,'2021-12-15',18246,16882,69906,'06-02-2022',PH
mguyerc8,bZX5eCAA,rglassardc8@behance.net,'2022-05-25',61343,48191,33688,'02-03-2022',CZ
jwilliamsc9,3eNBB1E8Tv,ahenrionc9@mayoclinic.com,'2021-12-02',59849,31221,59053,'02-11-2021',PH
felpheeca,CzEL2L5,sblanketca@boston.com,'2022-01-03',56357,62844,85751,'27-11-2021',CU
mbewsycb,kf8eLuq0,smirfincb@nature.com,'2022-09-05',14238,88542,44056,'29-08-2022',AR
jainleycc,5xq8J3zjl,sdismancc@seattletimes.com,'2022-07-29',93405,80815,89021,'03-04-2022',CI
khedancd,6KLbUIKn,obraggecd@unblog.fr,'2021-12-11',17030,94762,30364,'14-03-2022',PL
jrawlesce,F7YR0Mhu,sthowce@cornell.edu,'2022-06-09',32700,66595,85014,'07-03-2022',VE
xpyottcf,Q6bR7WegIQ8t,ffeyercf@unicef.org,'2022-03-16',48585,5280,98956,'01-02-2022',NO
tgoodlakecg,h7m9Exvhz,talsteadcg@china.com.cn,'2022-03-10',33793,37060,48335,'05-12-2021',CN
khyattch,Ujcm9kc2X3,psineathch@elpais.com,'2022-06-02',82941,6252,87410,'05-06-2022',CN
ctaplinci,87ywEVk09WYV,jsnelgroveci@sciencedaily.com,'2022-04-21',18093,37016,79596,'03-11-2021',SE
rrenowdencj,vtkBreqkyw8q,arosternecj@parallels.com,'2021-10-10',25284,70158,11118,'02-05-2022',IR
smaypowderck,3XRNIK0I,ekeymarck@sfgate.com,'2021-12-16',81924,19959,19155,'25-10-2021',SE
adodmancl,3lSa2xa,llatuscl@mapy.cz,'2022-04-02',85950,75740,25347,'30-10-2021',RU
csnelgarcm,XVZo7WIa,lfallowescm@nifty.com,'2021-11-09',98601,19884,20734,'06-11-2021',ZA
bwindouscn,KgfLTeZ1,vsnailhamcn@elegantthemes.com,'2021-12-18',98741,69128,39554,'30-04-2022',PH
rmcffadenco,R6ElOhrP,tbunworthco@fc2.com,'2022-06-15',93005,61278,34522,'24-02-2022',ID
arosenzveigcp,oMpK8M2rZ1Pq,raaronscp@umich.edu,'2022-06-06',79968,12930,32226,'07-09-2022',RU
gminettcq,gk8xQG,egallghercq@cafepress.com,'2022-01-08',22675,3825,77838,'27-01-2022',ID
frehmcr,l1BZs1aD2,tgurnaycr@sakura.ne.jp,'2022-07-30',26099,73034,90375,'09-03-2022',RU
mmarslandcs,No0fL9hKElI,gweddellcs@google.ca,'2022-04-20',65644,71570,44636,'21-02-2022',RS
dwildishct,sDPc1DmTcEFP,achilverct@slashdot.org,'2021-09-24',49804,28126,52576,'26-03-2022',CN
hcuniffecu,nEyDXdL,aschuhcu@seesaa.net,'2022-09-10',38207,21854,51839,'21-03-2022',US
lkillorancv,4IFeA5,mpawlowiczcv@unesco.org,'2022-03-27',84931,29035,16016,'14-09-2022',CN
tmulcockcw,zsuImJ3,fthackwraycw@ucsd.edu,'2022-08-24',15925,95369,26007,'20-03-2022',ID
tcrocketcx,D9BikNcO14,bmckechniecx@1und1.de,'2022-07-21',51537,15660,34264,'14-04-2022',CN
cmaccostocy,AAFTKY79c,gjeffreyscy@miibeian.gov.cn,'2021-12-22',73265,20446,52781,'03-07-2022',CN
skorpalcz,uBzylj,rrawstroncz@comsenz.com,'2022-06-17',154,39720,35649,'07-09-2022',ID
qburgoined0,oIYLz8uIBv1,binmettd0@goo.gl,'2021-10-21',65538,95124,29460,'28-08-2022',CA
htivnand1,6b3PX7uydh,emarleyd1@weather.com,'2021-11-03',19743,92854,79458,'16-06-2022',LT
dthorowgoodd2,OLPtuKALL,ghierrod2@icio.us,'2022-07-27',58182,64146,10226,'08-03-2022',VN
egobournd3,q3fqMM,bturmelld3@jalbum.net,'2021-11-03',46557,60208,10840,'08-07-2022',ID
shegdonned4,gxvyFMFfc,wcashind4@ca.gov,'2022-07-19',49386,73997,63941,'12-01-2022',RU
gfranceschid5,454HDcC,eousbyd5@cmu.edu,'2022-03-10',44984,27658,98605,'29-12-2021',BY
skayzerd6,6bUqmgkqIG,eantrimd6@github.io,'2022-04-10',94507,48601,76389,'23-10-2021',ZA
wkinraded7,WtWL6jx4Hw,mmuehled7@godaddy.com,'2022-04-25',70022,2852,6265,'26-07-2022',PL
ogladyerd8,ZlHINFMqaB,dsidawayd8@sphinn.com,'2021-12-13',98744,89959,17109,'25-07-2022',BO
wsimenotd9,jayXdFF3Z,hmougetd9@parallels.com,'2021-12-02',38080,39326,62998,'11-01-2022',ID
htolworthieda,Rg7l9zAnL,dsouthernda@yellowbook.com,'2021-10-01',99330,87331,33984,'20-05-2022',CN
larmalldb,JAzfAT8qKAW,cgreensalldb@naver.com,'2022-07-12',13996,60707,37540,'23-05-2022',NG
cwalshdc,0h79NU9,apeirazzidc@mapquest.com,'2021-10-04',97249,76885,60191,'02-06-2022',MX
aantczakdd,QP5jQC7F7iI,ireschkedd@dropbox.com,'2021-12-14',33739,45756,94957,'04-10-2021',KY
cbonteinde,OgQFQq,abrandsmade@blogs.com,'2021-09-25',91228,36226,90798,'14-09-2022',BJ
frowswelldf,Qy6FA00Qp0mb,risakovdf@ca.gov,'2022-07-06',60487,33732,55397,'03-07-2022',CN
mgorellidg,WIBC2fBPVZtz,ddeversondg@telegraph.co.uk,'2022-06-21',72507,40100,45382,'01-10-2021',CN
pdwanedh,TZQ9zlzc,amacilwrickdh@wikia.com,'2022-09-09',51353,17157,7213,'28-11-2021',JP
dlinskilldi,JZENpuL,jdutchburndi@independent.co.uk,'2022-05-27',75,99775,63455,'18-10-2021',AR
icardedj,iFo9sEg2XE,gpoznanskidj@github.com,'2022-07-01',97524,17797,19320,'23-03-2022',ID
qdobinsondk,XEO6zaCIdA3,ddevitadk@oakley.com,'2022-01-18',39200,65,47674,'27-10-2021',RS
cwallworkdl,G5Yn5MM2,mgoodaledl@arizona.edu,'2022-03-05',44414,30838,42497,'15-05-2022',CZ
tspindlerdm,Q4TBRKKTDc,apafforddm@joomla.org,'2022-07-04',28534,31608,60846,'02-10-2021',CN
astanbrodn,KqaHb8jYn,dfoulksdn@mashable.com,'2022-05-18',60910,32567,48432,'09-06-2022',US
idinwoodiedo,PNvvVg,rhakesdo@about.me,'2021-09-22',99402,68790,21792,'04-01-2022',SE
bmcboyledp,wnjTIzzM7,phebblethwaitedp@nhs.uk,'2022-09-12',91446,15570,1010,'13-11-2021',VN
hmaccaghandq,Rp1FBj8Qq9,nhalfacreedq@quantcast.com,'2022-01-03',43508,32208,36607,'28-07-2022',PL
jstempedr,WaxDQe,lshoebottomdr@oakley.com,'2022-04-18',512,94246,16106,'10-05-2022',PT
eberettads,DNSAnmLxUnM,atalbyds@google.co.jp,'2021-12-30',60710,88920,2754,'16-05-2022',PH
ccrudgingtondt,h29r4Q6fUHy,wgrenvilledt@apple.com,'2021-09-25',13855,83672,50240,'13-10-2021',VN
falexandersendu,IdTWqehaBO,fmcaveydu@meetup.com,'2021-09-28',95026,89482,53139,'18-06-2022',US
ibustondv,facPmOUaCVu,mcorballydv@irs.gov,'2022-04-25',1376,49770,43148,'29-01-2022',ID
truppertzdw,uuvqVYmOST,apetrescudw@thetimes.co.uk,'2022-07-07',65906,76329,29526,'27-02-2022',ID
nrapperdx,GshzXMXH,celliffdx@simplemachines.org,'2021-12-02',77980,28066,81278,'14-03-2022',CU
jcongrevedy,ySLoICy,gcessforddy@zimbio.com,'2022-08-24',26986,37272,48220,'28-08-2022',PT
lfletcherdz,5tRso52VXj9,geddoesdz@un.org,'2021-11-15',88640,12278,57305,'13-02-2022',SE
hgraysmarke0,Epmt66wylNV,lmounte0@addthis.com,'2021-10-26',11544,25675,94783,'25-06-2022',PT
timmingse1,O6As6F1sHm,fironmongere1@jiathis.com,'2022-06-14',10719,69845,58225,'22-06-2022',IE
ustauntone2,io7abr7jvg,jjakubovicse2@goo.ne.jp,'2022-01-07',72298,56269,85627,'09-06-2022',FR
tbrassee3,aVrADDhRv,cfreeburye3@soup.io,'2021-11-30',93937,85139,4031,'15-05-2022',ID
bcesconie4,muvuS3Muyj1,czecchiie4@spiegel.de,'2021-12-18',42515,495,8284,'18-11-2021',BR
oreinae5,g9tVr1,springe5@wsj.com,'2022-08-05',58585,96325,6643,'14-07-2022',FR
adutnelle6,cEyqBx,bdonnachiee6@diigo.com,'2022-06-07',34001,79413,45746,'15-11-2021',PT
nhalborde7,FLQSIUIpvKU,irasselle7@google.it,'2021-12-06',82435,1737,4,'18-02-2022',CA
sraithbiee8,iW8HQSA2nQ,jranne8@forbes.com,'2022-05-29',67945,92391,88430,'15-03-2022',RU
ibarnicotte9,l02litd,wowerse9@bbb.org,'2021-12-03',26656,41016,57594,'12-02-2022',GR
bkleinfeldea,zuDAhm7,agreenleesea@cargocollective.com,'2022-06-15',51919,45496,582,'04-10-2021',PH
ofarahareb,rJImELpij,ehebbeseb@sphinn.com,'2022-05-22',17321,48257,23274,'11-04-2022',UA
gdauneyec,jMwGVmYFWE,astilwellec@wikipedia.org,'2021-11-22',84736,84941,68040,'20-09-2021',ID
jbradforthed,OIl9oUmLfGCW,eyakoboviczed@theguardian.com,'2021-11-22',19775,82374,23998,'21-07-2022',PH
goswellee,BNKL05,efynesee@angelfire.com,'2022-03-28',83103,44332,42146,'15-02-2022',MN
fburtwellef,0ubBIh2Y,dwoofendellef@feedburner.com,'2022-03-02',4766,70369,6811,'03-08-2022',ID
aspearingeg,X1hZn2kVCGk,fcrosettoeg@geocities.com,'2022-01-25',29613,18081,22552,'08-09-2022',FR
dstabbinseh,HCOdHw2,lhanloneh@list-manage.com,'2021-12-05',17370,26595,86228,'27-01-2022',CN
nondrichei,tDBgfb2Jl1Z,arichtenei@discovery.com,'2022-03-28',21517,23236,43235,'12-04-2022',US
mdysonej,7IXBrLGSY,bsandyfordej@yelp.com,'2022-03-14',23533,43154,85473,'07-05-2022',ZA
ghafnerek,NhiwtHKcDUxa,eartoisek@nsw.gov.au,'2022-04-03',32331,90819,40202,'11-05-2022',NP
cschlaghel,6xQTCDvaqC4,lbuckenhillel@blogger.com,'2022-01-05',69017,61926,49632,'19-01-2022',HU
rhakeem,QoJBcn3vJ,fdibernardoem@foxnews.com,'2022-08-18',53337,74968,85335,'01-09-2022',PL
agulvinen,9WZon4PeA,bchastaneten@oracle.com,'2022-07-09',91673,81118,5106,'18-08-2022',ID
yburkeo,DcwESgwqaJAI,adeversoneo@list-manage.com,'2022-04-07',98607,97206,43364,'01-07-2022',RU
jpaulouep,aoRqha,dgoulleeep@cyberchimps.com,'2022-03-06',58248,64476,19064,'14-11-2021',CN
mscanloneq,IkwwdqZOp,hheindrickeq@usgs.gov,'2021-10-12',55348,35869,82746,'03-02-2022',CN
qmerrikiner,eFMYJQ,mfaveyer@patch.com,'2022-03-08',69302,3887,66233,'08-06-2022',PL
bfullardes,Ex1JjQ8,ctuplinges@stumbleupon.com,'2022-05-02',72130,42021,11962,'09-07-2022',PE
kharkenet,AqruKguaxoV,mgoomet@dot.gov,'2022-04-08',77871,7649,10222,'21-07-2022',EG
vfarnilleu,xN22BW,gtreadgeareu@ft.com,'2021-11-10',15765,66244,34797,'19-01-2022',CN
bmckoyev,Qo6WBFD,athumnelev@ebay.co.uk,'2022-04-19',51438,41416,79684,'18-08-2022',CA
kgerrishew,l4ElMcb,yhassardew@omniture.com,'2021-09-29',1445,53684,11459,'28-07-2022',CN
ahammerstoneex,H7Y67rLG4,amoyleex@shop-pro.jp,'2022-04-07',93327,24659,93128,'10-06-2022',RU
mgerishey,uB1qoqXlWZMN,tkemshelley@exblog.jp,'2022-08-10',74587,7944,96846,'24-05-2022',CN
jcaffreyez,QSQG5vBnQWr0,lmarchingtonez@123-reg.co.uk,'2021-11-16',24935,7986,31712,'30-08-2022',JP
jfarnishf0,mu1CNHa7gAdv,cferrarottif0@angelfire.com,'2022-04-17',56642,74418,87158,'23-08-2022',ID
wmacclayf1,iiuxeDYV,bcradduckf1@vinaora.com,'2022-05-16',87223,60997,37054,'21-01-2022',CN
mroggerof2,vUKgnVOG,gwulfingerf2@census.gov,'2022-08-23',67793,64210,72369,'14-07-2022',PH
mceschinif3,KCqRAJSAJH,kbicklef3@msu.edu,'2022-03-14',10205,3792,88121,'02-01-2022',PT
ephillippf4,DKqWEkgwyI,jproppersf4@flavors.me,'2022-06-23',45518,51525,91649,'14-04-2022',CN
frustedf5,KjNfFPQgZVDE,lsmalef5@about.me,'2022-06-17',91684,19586,19322,'30-05-2022',SE
gduthief6,qTyNYbq,lwannanf6@apple.com,'2022-03-13',91174,4614,12209,'01-02-2022',PH
brubertellif7,uPcWWzk9twG,fjoynesf7@dion.ne.jp,'2021-12-30',32202,34282,6241,'29-01-2022',MY
fbonhamf8,J2AWtwy,mhenkef8@yolasite.com,'2021-10-15',13331,75665,35601,'24-12-2021',PT
dbattistaf9,TNccwGS3gX,jsiblyf9@tumblr.com,'2021-10-30',53534,57706,97540,'17-12-2021',MX
jbringloefa,uVw5rP0IL8gh,hhedgemanfa@parallels.com,'2022-03-01',55599,16811,38806,'28-10-2021',RS
lchandersfb,auWnBTJBE,jcanasfb@gov.uk,'2022-01-10',63065,7804,92549,'25-07-2022',PH
wparleyfc,WTkMuU5PWs8,gmaccallisterfc@answers.com,'2022-06-03',16232,83087,95246,'19-05-2022',MG
dyarmouthfd,oHB80Uk,udodsfd@msu.edu,'2022-03-30',71409,60373,96167,'10-03-2022',RU
eburchfe,zaptiZVCYC,osellstromfe@jimdo.com,'2022-01-15',12982,71387,83484,'03-04-2022',CN
fteodoroff,9kFyzQX5M8Tn,emcveyff@bluehost.com,'2021-10-19',56907,88939,20680,'11-09-2022',TH
lairesfg,DcOhTUbBF,vgoschalkfg@cargocollective.com,'2022-07-23',1294,51713,39105,'20-06-2022',RU
erosinafh,vONk0yaF,rhugoninfh@auda.org.au,'2022-07-17',24383,71333,51095,'04-09-2022',CA
vchewfi,4Lcu7bR6x,rnilgesfi@wix.com,'2021-10-13',70437,46480,73129,'26-11-2021',PH
gskasefj,RflXCAf,mferrieriofj@skyrock.com,'2022-06-08',58813,82209,98756,'16-08-2022',CD
amuriefk,LBSdzfh,darundelfk@youtu.be,'2022-05-24',13661,73577,48213,'31-12-2021',UG
ttorpiefl,6wiRzV,acouttsfl@webmd.com,'2022-03-09',4511,55087,8541,'03-09-2022',NO
cbachshellfm,pPCwIZ,gwhildefm@alibaba.com,'2022-02-19',30624,50747,76403,'11-12-2021',ID
fpogefn,r5M8ciwySUJ,dkersleyfn@purevolume.com,'2021-11-25',64241,38042,37361,'18-12-2021',CN
batheisfo,xTq0lRODqnK,vgirathsfo@vistaprint.com,'2022-07-09',77902,59189,16417,'02-05-2022',FR
gcouperfp,2CAz6eJpS,jmacparlandfp@huffingtonpost.com,'2022-09-07',24668,7493,73522,'18-03-2022',RU
bsalternefq,PBDkDOmjrGmw,ccrowthfq@merriam-webster.com,'2022-08-31',17609,70432,95942,'12-10-2021',MY
dcutmarefr,AldBZn,schestersfr@discovery.com,'2022-03-01',12717,40475,17478,'16-08-2022',ID
abreckenridgefs,XYVRBh2zs5,memblingfs@bloomberg.com,'2021-11-03',43536,83259,30982,'02-03-2022',ID
malldreadft,FYtpDQYy3F,cbramhallft@stanford.edu,'2021-11-04',52967,60991,8439,'24-01-2022',CO
llavellfu,s9NHSaE,hreithfu@g.co,'2021-10-31',50542,40143,33701,'31-12-2021',CN
vslanyfv,uLdvBEbn,gedmandsfv@wired.com,'2022-08-14',8103,10494,6571,'21-08-2022',PS
gparradyefw,WsPKKjU,tebbrellfw@printfriendly.com,'2022-07-20',39883,70502,15594,'23-11-2021',PH
dwudelandfx,oj7yTCa,olynnettfx@bloomberg.com,'2022-02-02',56495,54620,56948,'10-03-2022',CH
mdecourcyfy,2HqiTsO7rW,cdavenhallfy@ehow.com,'2022-07-07',69368,97970,1160,'24-01-2022',BG
mdunksfz,6vG8zz6eC,llammimanfz@issuu.com,'2022-03-19',70776,75286,30550,'02-03-2022',IE
ksnufflebottomg0,SWTlvbk,tcolleyg0@rambler.ru,'2021-12-25',78373,90195,44810,'01-05-2022',BO
kszachniewiczg1,WcvcSN,mdalgarnowchg1@ehow.com,'2021-12-19',8875,87831,1886,'23-10-2021',CL
sknellerg2,UC4WYA,jhiskeyg2@ocn.ne.jp,'2022-09-13',52232,91072,99544,'13-06-2022',SE
jbutterleyg3,TZNrlNCk,cyarrg3@tinyurl.com,'2022-02-04',89174,7504,71057,'10-05-2022',AF
tjurkowskig4,wpioVHojG0p,swurstg4@pinterest.com,'2021-10-30',73229,41894,17425,'09-06-2022',PL
eclayeg5,gQO5O9TJg,sskaseg5@cmu.edu,'2022-01-21',85628,60163,99201,'27-09-2021',ID
hbawmeg6,xKuvmZuV,raspitalg6@webmd.com,'2021-12-10',61369,85994,13896,'18-04-2022',CA
dnobleg7,MuTgJnOm,wbecksg7@google.it,'2022-04-15',13395,84141,29209,'05-01-2022',UA
lpocklingtong8,0SGV7k,dchallissg8@rediff.com,'2022-07-26',20787,6460,39661,'14-09-2022',PT
hsiveterg9,crUeeIE,ssawking9@paypal.com,'2022-05-04',87878,5122,35649,'01-05-2022',ID
rleismanga,6MeXAixwYi,gcochranga@wp.com,'2022-05-29',14352,48982,99561,'24-10-2021',ID
hmccaffertygb,6fqH8I,jdowtrygb@mozilla.com,'2022-03-15',55664,85865,3581,'19-09-2021',CN
atocknellgc,X73Y1j9NG,pdomleogc@rakuten.co.jp,'2022-08-07',36712,79448,22629,'25-04-2022',PA
ycollistergd,khH88ix,rpaulettogd@discuz.net,'2022-05-25',47177,53828,18803,'15-08-2022',ID
erylattge,C2Sd1tD,mdonnellyge@ning.com,'2022-09-05',26309,25579,59384,'23-02-2022',ID
fproschekgf,RMqEJA,hwinchcumgf@sakura.ne.jp,'2022-02-11',14063,87442,5275,'19-12-2021',JP
ryorkegg,Ef4oKgsGgRnK,wnickolsgg@dyndns.org,'2022-06-30',64079,65739,32601,'21-04-2022',ID
tgiacubbogh,TnzDM1RHZKv4,ecollingwoodgh@narod.ru,'2022-03-23',94321,53959,15766,'17-04-2022',ID
lblabbergi,ttfYpbKvHAC,bszymonigi@flavors.me,'2022-06-12',64989,1815,91165,'13-04-2022',ES
vtattersdillgj,LmwAbZW2pCZo,shooppergj@merriam-webster.com,'2022-08-04',43487,17922,52352,'01-07-2022',NG
dquinceygk,6ideZPaE,rpillergk@nbcnews.com,'2022-08-05',4316,96082,45798,'04-05-2022',MU
ptayspellgl,lTcNTI,jelvygl@goodreads.com,'2022-02-11',32251,22242,79292,'10-03-2022',FR
charpurgm,GGEHit,flooselygm@jimdo.com,'2022-08-23',36839,88053,81449,'23-06-2022',PH
skordasgn,1CPHoPHEQq,aconringgn@meetup.com,'2021-12-18',89871,75405,4406,'26-05-2022',PK
abuncomgo,hzEbISIe,bwashingtongo@goo.gl,'2021-10-02',89520,64183,20324,'30-01-2022',FR
rgoviergp,ZGH3tCcOr,sknowlmangp@mtv.com,'2022-01-28',23241,60761,46302,'07-02-2022',PH
rmullearygq,B40d3a,rduddellgq@yolasite.com,'2022-05-13',66475,54712,43625,'15-02-2022',VN
slittleovergr,Zt1pay6mU3W,mnucatorgr@wisc.edu,'2021-10-05',48972,5171,89791,'19-03-2022',CN
jvinsongs,66oXRLRyMX95,ahaygreengs@ted.com,'2022-03-02',92371,28965,97775,'05-06-2022',US
mmcgaugiegt,SLFZbODfYOgE,mgallandregt@blogs.com,'2022-02-20',28611,1953,93529,'11-04-2022',HN
bwesterngu,YcKVBEl,bsermangu@dion.ne.jp,'2022-03-01',17258,55833,81743,'04-02-2022',NE
aalmackgv,AsozE5CPCW,jduffusgv@sciencedirect.com,'2022-05-13',26235,35601,56625,'02-05-2022',FR
wfrisdickgw,0w4Req,fbrandtgw@cnbc.com,'2022-05-07',49874,20793,65657,'19-03-2022',CO
ahalltgx,zhdWECpL6,mcurraogx@51.la,'2022-02-19',30920,48612,23453,'15-08-2022',PT
imenendezgy,2BN4NMB,fmasselingy@ihg.com,'2022-08-17',96551,44049,36073,'12-12-2021',ID
mpurnellgz,TbmaKxgwS,ltackgz@mysql.com,'2022-01-07',23375,61814,46522,'05-01-2022',EG
flukasikh0,18TLnvEmKWyg,dhouldh0@house.gov,'2021-11-28',55060,23614,16282,'03-10-2021',MY
charborh1,jXZacLHlC,hhymersh1@rediff.com,'2022-06-13',27119,93807,15067,'08-02-2022',FR
sbraffingtonh2,8mhKMT6e,fbraimeh2@imgur.com,'2022-02-10',55942,93886,66330,'31-05-2022',CN
vingonh3,W69iZwB,kissakovh3@smh.com.au,'2022-04-19',60179,60182,9975,'07-02-2022',TH
ipinchbackh4,8xRG68vX,hcogleh4@dropbox.com,'2021-12-25',37827,86144,86409,'22-09-2021',ID
jsarganth5,BunGqmCD,forth5@hc360.com,'2022-08-02',31115,50068,61749,'29-04-2022',CN
fconsterdineh6,h4UnVBKS,aborleaceh6@privacy.gov.au,'2022-07-09',79367,39302,68759,'24-03-2022',GR
smcalpinh7,a2tIUVrebwxJ,nperrih7@trellian.com,'2022-02-11',13551,47103,75387,'03-10-2021',US
rrallinshawh8,oEZ8Que6Njzz,spinnockeh8@ocn.ne.jp,'2022-02-06',94049,74789,28710,'24-05-2022',ID
mboxhallh9,n0WD2Y1w,pshergoldh9@google.com.au,'2022-04-17',24114,62977,83857,'12-04-2022',BR
amcturloughha,gCwlzQJAjRoq,chaineha@clickbank.net,'2022-07-08',13454,32339,42942,'04-05-2022',CD
mdugganhb,Qi7FB6yrX,brisebrowhb@si.edu,'2022-07-12',65028,28932,60188,'19-06-2022',NL
agirthhc,ZPgigqI,wlanonhc@myspace.com,'2022-05-05',6512,84278,83688,'14-11-2021',NI
tkincadehd,8kcHbtcWKa7W,fdormanhd@soup.io,'2022-03-25',38743,94102,20848,'27-09-2021',AM
eattardhe,jpKlRcSlfMB,abirrelhe@spotify.com,'2022-07-11',21756,80591,80913,'15-02-2022',SE
lbidmeadhf,Ehd3eExIn3,mmatusovskyhf@illinois.edu,'2021-11-14',8481,31346,14641,'17-03-2022',CN
cgoliglyhg,eaZFrQ,hgreatrakeshg@infoseek.co.jp,'2021-10-15',22694,18525,64967,'14-10-2021',MM
deareyhh,ZyrNEQ1n,fadamiechh@mayoclinic.com,'2022-06-05',45052,61537,77663,'04-09-2022',ID
bkuhlhi,hnuuBcrh,xtrevinohi@baidu.com,'2022-05-15',75493,16525,8057,'13-09-2022',CO
lmyhanhj,3RZhpY,creisinhj@uol.com.br,'2022-05-27',30924,95013,28402,'15-04-2022',CO
aorneleshk,XQVY8C,sheckshk@cbc.ca,'2022-04-27',36029,26217,96717,'29-10-2021',RS
lgipphl,bwaIDemqG,eludlammehl@elegantthemes.com,'2022-04-09',93738,89471,357,'22-04-2022',CN
bgreenierhm,4bGWt3VHW,chayballhm@techcrunch.com,'2022-08-03',73476,98386,16913,'15-09-2022',PE
tkilloughhn,RMhJNYx5pbp,elosemannhn@reference.com,'2022-01-30',579,60352,12090,'08-01-2022',CN
lmessagerho,RSECFq3T,ngilliverho@quantcast.com,'2022-01-11',48851,94436,64210,'18-01-2022',HN
athornshp,x5HiDOPMzx,pfogelhp@uol.com.br,'2022-03-07',61574,95491,24175,'23-12-2021',MY
bpischofhq,kaDmrzeD,jbirketthq@bluehost.com,'2022-07-06',95224,80224,51043,'23-08-2022',GP
cmacneilhr,zlShJJ,vdumphryhr@webs.com,'2021-12-03',514,38848,69580,'27-01-2022',CN
cjanuarysths,QQXyUjuDb,pstoeckhs@xrea.com,'2022-01-22',11558,44803,61325,'17-11-2021',JP
esperlinght,aES9kkEEU,rdurdanht@github.com,'2022-01-15',59262,2511,69754,'10-06-2022',TH
nlubertohu,bOmcQS4DC7n1,smacvaghhu@boston.com,'2022-06-15',97462,308,38573,'21-09-2021',PE
sisaaksohnhv,XlEQg8n,ctonryhv@jalbum.net,'2021-09-20',49315,75832,80262,'04-06-2022',CN
smacgloryhw,cbSY5N,mscamadinhw@youtube.com,'2022-02-03',50745,3096,24087,'23-09-2021',CN
nlambertciorwynhx,pQ3EJmVOm6g3,twakefordhx@storify.com,'2022-05-03',51987,25291,94274,'18-06-2022',ID
fvaterhy,WNuba4zaq4qc,igentzschhy@latimes.com,'2022-01-11',94818,10506,2730,'27-07-2022',ID
wshimwellhz,wuF6xc,gkingslyhz@csmonitor.com,'2022-01-18',79341,56907,28896,'26-10-2021',RU
cmatoshini0,7wB003YpE,pmarshi0@msn.com,'2022-07-08',4440,19171,94701,'22-01-2022',PT
vmuldowneyi1,MKjEqgIdq,mwhiffeni1@nsw.gov.au,'2021-10-14',54663,30016,16492,'25-05-2022',ID
fbradtkei2,wEpq5AeTb,nkulickei2@mediafire.com,'2022-02-24',98362,44875,6267,'20-06-2022',ID
avanderbekeni3,YXIr0w1tTIag,pcadwelli3@privacy.gov.au,'2021-09-26',6416,18275,37851,'07-10-2021',ID
fsayi4,UPsNW2oxPxC9,awarlandi4@shinystat.com,'2021-11-21',31483,58137,25019,'12-12-2021',SY
lcallari5,EXtXCK84,lfillaryi5@eepurl.com,'2022-07-03',49205,43861,63603,'01-06-2022',BR
kabbotti6,GGbhkm9,eivimyi6@icio.us,'2022-08-24',23992,48610,58701,'05-05-2022',RU
sjakoubi7,5nFeqG4EPdH,bjeromei7@mayoclinic.com,'2022-03-16',24461,10546,50166,'15-02-2022',EE
kgolbyi8,YBlfipWr3jM,hrowberryi8@prweb.com,'2022-02-03',59540,71466,66158,'23-06-2022',NG
vwalentai9,2hSvyL7hbh,cparmiteri9@google.com.au,'2022-07-19',6147,12220,74757,'06-01-2022',BF
rheapeia,dAVW16OO1,bvittleia@tinypic.com,'2021-11-08',96982,99814,82190,'08-06-2022',SE
bclimarib,KPAHbtl72I,cwhottonib@ameblo.jp,'2022-04-06',58285,33369,23369,'01-01-2022',ES
avaiseyic,nHvnbBv,bdanielliic@ezinearticles.com,'2021-10-28',12931,91132,45023,'11-06-2022',PH
ccurryerid,tEt4kISH5,kculshawid@yandex.ru,'2022-02-04',79335,10960,32620,'20-12-2021',ID
tulyetie,4wFYrtKtDj,rmayheadie@weather.com,'2022-02-05',16770,63493,87657,'23-04-2022',ID
bboytonif,EadSpo,lendenif@aboutads.info,'2022-05-26',36310,61424,87061,'09-02-2022',PL
amettetalig,QvGRDvdKo,cmcdougleig@eventbrite.com,'2022-06-15',96952,48770,5441,'06-10-2021',TH
lmccumskayih,8opVfup,tturriih@indiegogo.com,'2022-09-10',74246,51324,8902,'18-10-2021',SE
nmaudittii,WsJpFkZwN,bbreedii@phoca.cz,'2021-09-20',29914,35257,62647,'21-10-2021',ID
sraddinij,QUoNWor,ztissellij@wp.com,'2022-08-19',46656,56856,78578,'22-08-2022',MT
mbonninik,U50UxMa,gmccrainorik@ifeng.com,'2021-12-10',53894,89176,42087,'08-11-2021',RU
btoombesil,JMRlYSC,lkemmeyil@howstuffworks.com,'2022-07-05',20303,78819,36588,'28-11-2021',UA
mscarfeim,PWK4WGx0I38,ebemandim@illinois.edu,'2022-05-20',77212,793,36711,'23-01-2022',CN
tlondonin,40MzLbHH,asherebrookein@sciencedirect.com,'2021-10-28',23006,60887,21465,'01-09-2022',FR
jgedgeio,cLlD9mhrud,wphillipio@ebay.co.uk,'2021-09-27',85390,95920,55608,'21-09-2021',MA
sgraffhamip,dkz92u,lquarmbyip@sina.com.cn,'2022-08-17',19063,72096,4613,'02-03-2022',LU
bwelburniq,zqai0M,mstylesiq@com.com,'2021-10-07',68655,92474,3441,'02-04-2022',FR
mfeedomeir,cOH54ok,bellicockir@google.fr,'2022-07-03',49092,41156,2481,'02-09-2022',GR
wkimberis,vqv9Y8x,ggardneris@webeden.co.uk,'2022-08-10',8909,68641,99975,'18-12-2021',PE
kjammetit,zMshqksV3zs,cneachellit@deliciousdays.com,'2022-07-25',50443,40354,30838,'22-11-2021',PH
lsimmgeniu,X2Le2gEJKt20,lmcalisteriu@indiatimes.com,'2022-02-10',57147,79747,37182,'24-07-2022',CN
onaveiniv,dlwrNyZWy,gmaclareniv@usa.gov,'2022-07-23',25393,55814,73522,'14-08-2022',CN
dairthiw,8zZYHLjqdc,atremeeriw@rakuten.co.jp,'2022-08-06',75305,46743,6124,'25-04-2022',CN
vscownix,VukRZIoK,cjuniperix@reverbnation.com,'2021-11-15',80589,64235,65123,'10-10-2021',NZ
zgrungueriy,aK1Q71tlj,apermainiy@cyberchimps.com,'2022-02-17',92180,73733,57619,'20-09-2021',AR
tmenieriz,y5qFd9bosU,xfredianiiz@patch.com,'2022-02-25',50905,35346,12075,'18-06-2022',CN
nbointonj0,6lXrRcY,btroddenj0@wikia.com,'2022-05-21',49620,87188,76741,'22-04-2022',CM
lryriej1,QmlRdCPv,hbanej1@japanpost.jp,'2022-08-09',25277,18750,16444,'26-08-2022',CN
pprattyj2,ObEV2a,tjusterj2@nsw.gov.au,'2022-05-17',47662,60108,99670,'13-04-2022',FR
kembletonj3,STzVXqHH,ghartwrightj3@ebay.co.uk,'2022-04-26',70293,83509,53341,'12-07-2022',NO
sfurmstonj4,fkBqz0,mgomersallj4@ovh.net,'2022-05-07',3424,74101,78576,'25-09-2021',KR
segdalj5,HbUlEEU,dchastanetj5@last.fm,'2022-04-02',14691,84457,89020,'25-07-2022',PS
cmountainj6,IBZvLgYQwk,swymerj6@economist.com,'2022-04-23',10956,37141,23151,'05-02-2022',CN
bbalfej7,Is0AO6N,iflaunierj7@google.co.uk,'2022-02-05',26103,44865,2208,'22-10-2021',KZ
apochinj8,KXlmNAdx,bdainj8@engadget.com,'2022-09-06',82712,23655,10705,'08-06-2022',ID
leslemontj9,Xc6M7M43Tjk6,egemellij9@redcross.org,'2022-06-05',43271,8489,49582,'10-10-2021',TM
smacdougallja,U1ztyNHPV3H4,maselja@vinaora.com,'2022-02-27',63848,41345,82525,'14-03-2022',ID
fgianolojb,ey8xipMOla,ckemmishjb@dyndns.org,'2022-04-01',18701,69603,14669,'22-12-2021',AR
jtighejc,aK6z6id,blashamjc@scientificamerican.com,'2022-02-27',50492,11962,55024,'22-05-2022',FR
jthornbarrowjd,gOLpEFMb6B,zdannieljd@webmd.com,'2022-05-17',63156,81257,39632,'03-02-2022',US
ggilbodyje,1jcD5eruu4,kpickersailje@rambler.ru,'2022-08-19',26829,80726,64462,'04-07-2022',BR
cmacconnechiejf,sL1vPFdoYC,bkimbroughjf@mit.edu,'2022-05-24',92221,98953,19311,'18-01-2022',AR
plondsdalejg,oi4YiqG8MFq,dbuckberryjg@yolasite.com,'2022-05-17',55545,36809,1015,'27-04-2022',PH
afromantjh,hJoPb4Wpn,lclemanceaujh@networksolutions.com,'2021-09-28',83862,91150,35290,'22-07-2022',RU
kdumsdayji,OqIAQo,asherrji@sbwire.com,'2021-11-30',54844,55300,64507,'17-02-2022',SE
jmctrustyjj,F5GbOzLl7m,abeachampjj@51.la,'2022-04-13',37457,28485,56316,'11-11-2021',CN
awhisbyjk,dYoqrGSfLT,bcrockattjk@mozilla.org,'2022-03-09',36985,59842,10320,'22-01-2022',BD
ebrigstockjl,55aSuoT,cficejl@ifeng.com,'2022-02-23',94186,94694,74684,'10-05-2022',JO
bmattersleyjm,6QYqU7lU6OjM,hhaslockjm@timesonline.co.uk,'2022-01-29',67307,28142,13577,'23-01-2022',MN
mstreatfeildjn,Fm9sOGla,hweatherheadjn@twitter.com,'2022-01-06',46945,22575,10140,'09-08-2022',RU
colexajo,a94jSEvlq,sbradnickjo@altervista.org,'2022-08-24',67401,16000,59297,'22-04-2022',PK
wromejp,2sckbQzg4,dogarajp@who.int,'2022-03-22',93959,39252,10069,'02-11-2021',RU
avasyaevjq,WQu3fY,hlinkejq@google.ru,'2022-02-01',32632,78051,13122,'24-12-2021',RU
poakenfulljr,HchLUx2UF,pgreengrassjr@scribd.com,'2021-12-11',70773,48029,61353,'19-10-2021',BR
amccullochjs,F52DoPoCs6,jgutridgejs@gnu.org,'2022-07-27',37549,79797,53841,'31-03-2022',ID
khuejt,9auNYBGLP,mtennantjt@theatlantic.com,'2021-11-02',26185,51710,58091,'10-05-2022',CM
lduhigju,gq9oOdSBdf,athurmanju@tiny.cc,'2022-08-03',98559,7689,29565,'24-02-2022',ID
aodelljv,SrESlz,cmateevjv@dedecms.com,'2022-07-13',17527,33456,70989,'13-06-2022',CA
pkleinertjw,2FRvHKsd5H,kfrickejw@php.net,'2022-04-10',80544,66483,96229,'24-02-2022',SE
ckubczakjx,Eiie5lN,kplomjx@biglobe.ne.jp,'2021-09-17',85891,76086,31689,'06-10-2021',PH
bcurrjy,VuK5n5QJhPN,cmcaviyjy@berkeley.edu,'2022-02-04',55873,42735,35324,'20-03-2022',ID
cnussgenjz,yj9DiGNRZ0,dfloundersjz@usnews.com,'2021-12-27',79549,88837,44650,'29-03-2022',TZ
ajamesk0,qiWav8DdP55M,rhancoxk0@toplist.cz,'2021-09-28',86087,27685,35886,'30-03-2022',CN
rhandsk1,dfGh3H9NEGv3,biacopok1@reverbnation.com,'2022-01-28',31467,40715,41119,'24-01-2022',CN
lgrievek2,6SL35eTm0or2,jhauckk2@yandex.ru,'2022-07-22',11856,15114,66874,'05-03-2022',JP
ameliork3,bXpYX7K8E,dchippendalek3@engadget.com,'2022-04-26',25803,78040,81581,'14-03-2022',CN
vyeolandk4,z8oUuyGg,acantopherk4@mapquest.com,'2022-07-14',97646,59073,4925,'05-01-2022',PH
csperlingk5,lQezcgkXdNT,sweatherdonk5@princeton.edu,'2022-06-29',92036,29437,67099,'11-11-2021',RU
ckeymark6,NaN7Zn5,sdanbyek6@exblog.jp,'2022-05-16',24185,64452,21310,'29-12-2021',MT
mmossk7,ChDAm1NNTa,mbennedsenk7@t.co,'2021-10-27',90271,41118,28978,'25-07-2022',TG
ybarnwillek8,XiJYCorKbR8,csimekk8@storify.com,'2021-12-30',80431,6498,53234,'17-05-2022',CN
fcastagnetok9,ncLeqca,lingermank9@sogou.com,'2022-01-24',23454,98607,92288,'27-02-2022',GR
klooselyka,NbRptAb5Nq,gcoltherdka@ftc.gov,'2021-09-25',66290,34652,42934,'09-03-2022',CN
hvernikb,nRg2Qxi0,sdunningkb@skyrock.com,'2022-01-08',11611,38615,41565,'23-09-2021',AU
scristofalokc,0hj5yqU,mcamillokc@xing.com,'2021-09-25',49392,53773,60823,'15-04-2022',ID
myeldenkd,kzwtNsV,msallierkd@time.com,'2021-09-18',91725,21551,3796,'12-01-2022',AF
ltemplemanke,2Rl5Y5BHPbwS,lmuzzulloke@barnesandnoble.com,'2021-11-23',4282,28338,69180,'27-07-2022',CN
cgaraghankf,wKxl3hmL,gskeldingekf@chicagotribune.com,'2022-03-26',18417,80352,82987,'19-04-2022',PL
schiplinkg,LrBELZid,ubiernatkg@globo.com,'2022-07-20',66535,20310,78962,'12-06-2022',CN
iargilekh,LxzxBxME,onorthamkh@comcast.net,'2022-06-29',20025,3482,51207,'13-09-2022',CN
lmckinnonki,ShVuWv4zB8tY,qstennerki@gnu.org,'2022-05-03',75900,78326,45390,'19-12-2021',ID
dhazeldenekj,6wemqcDc,pplettskj@over-blog.com,'2021-09-22',81017,4701,60166,'09-07-2022',ID
swillicottkk,u0uyoxF6p,tjoderlikk@istockphoto.com,'2022-05-09',25020,15263,81808,'10-10-2021',PT
glewingtonkl,S8LKUZy,pmawerkl@nationalgeographic.com,'2022-07-07',59801,73163,97613,'10-01-2022',PL
rmcneliskm,GHmFRifcgvY,dwatersonkm@friendfeed.com,'2022-03-30',61178,39379,69780,'24-05-2022',ID
ikeileykn,ADZ9Wah,mmoormankn@tamu.edu,'2022-08-06',56276,92151,82564,'24-10-2021',DE
lhutcheonsko,yzCO3QxWYb,mciementiniko@booking.com,'2022-06-29',44438,51585,21104,'01-10-2021',CA
eodellkp,SEBPAsM9,rhelgasskp@earthlink.net,'2022-08-13',2468,61732,86015,'09-01-2022',RU
aflintoffekq,1yFeFP4U1,rchoudhurykq@blogs.com,'2022-08-01',19618,52515,94249,'14-09-2022',UA
mlesarrkr,HYUlE8,cboodlekr@google.co.uk,'2022-01-08',94643,91978,97532,'21-08-2022',CN
eseathwrightks,FBKPYln6x,abindinks@about.me,'2022-06-15',67974,32195,40795,'29-07-2022',PH
ldaverinkt,8Yg1jlQnXr,cianinottikt@rakuten.co.jp,'2022-04-17',33943,42610,13894,'10-02-2022',KR
emcgrirlku,ENYyaHaFV,rmacdavittku@newsvine.com,'2022-05-29',13503,89421,75982,'12-05-2022',EC
iravenscroftkv,GVX2bLn,glevykv@elpais.com,'2022-06-30',93556,9361,16988,'28-03-2022',SE
adanilinkw,syDugDf,tfrankelkw@statcounter.com,'2022-05-01',4532,5363,26384,'06-05-2022',MX
tparysiakkx,ckyBecw,mcharpinkx@issuu.com,'2021-12-27',7750,74652,28080,'22-02-2022',CN
dsieghardky,4aZr1sK2Ng,bhargravesky@spotify.com,'2022-04-17',10938,48817,1471,'06-03-2022',RU
mcudbykz,bRj1g5FOPplt,rkoskz@economist.com,'2022-03-10',29124,46414,96462,'05-11-2021',MD
amoirl0,YXcBVICP,epenningtonl0@sohu.com,'2022-01-03',68357,77761,8465,'29-08-2022',CH
csanchizl1,G7qOEDEu6Z,mclimol1@go.com,'2022-05-21',14600,51755,60271,'14-02-2022',CN
fearleyl2,6zoZFQ,mkelselll2@wordpress.org,'2022-08-19',6714,12097,88950,'10-12-2021',ID
rcagel3,zSFpOqGNM,gnewsteadl3@ted.com,'2022-04-28',3245,83766,73447,'16-02-2022',RU
bgarricl4,aN2eHoDLb21R,yvasyukhichevl4@fc2.com,'2022-01-01',66548,1635,21457,'06-09-2022',ID
tmcboylel5,pTRtgz4A,hcorkerl5@topsy.com,'2022-06-07',67540,11734,80249,'26-09-2021',PL
rlisciandril6,exPJUCNwE8,ndagostinol6@dailymail.co.uk,'2022-02-25',3147,91006,73610,'01-11-2021',CN
chazlel7,Sc5QcSW3,icartanl7@newyorker.com,'2021-11-03',29374,91925,91138,'28-11-2021',JP
fristl8,q6xsnke,fbassettl8@noaa.gov,'2021-10-31',91675,52576,9488,'09-07-2022',NG
tnashl9,UkKe9PKosL8A,methelstonl9@nps.gov,'2022-03-30',5428,24073,37860,'07-07-2022',AM
ybradockla,fiClwuz0kQxw,okelceyla@sourceforge.net,'2022-09-05',79034,21908,94076,'04-01-2022',NL
emcnirlanlb,rboPrPMbKVTE,sjansiklb@fda.gov,'2022-02-17',76510,21119,29125,'28-01-2022',SI
odesesquellelc,7qrqgAzlh,cisardlc@ebay.co.uk,'2022-01-23',22338,76475,99645,'30-04-2022',PT
kcodemanld,pWe94K,jmclagganld@tripadvisor.com,'2021-11-23',78462,23677,16625,'16-07-2022',AR
clardezle,ZyfB0Z5lWa,dbellefontele@webeden.co.uk,'2022-05-14',48431,53896,78675,'17-07-2022',TH
cjeremiahlf,HsegG7lA1,tblasonilf@altervista.org,'2021-12-23',3057,67504,85955,'26-10-2021',FR
bjakubovitslg,FMb7O1uqXc,lblandlg@dagondesign.com,'2022-06-01',45845,45315,63819,'16-01-2022',FR
fpetscheltlh,LpQsbUekj,tlindemanlh@live.com,'2021-09-23',69539,17054,95045,'11-01-2022',PL
dcribbottli,EhE2lUP,teverli@technorati.com,'2021-12-04',59755,5507,39851,'01-05-2022',ID
dsimmancelj,zM3UzWD,eovingtonlj@youku.com,'2022-02-27',89899,11896,29939,'06-01-2022',FR
rcrocumbelk,ACC7yQq,challmarklk@msn.com,'2021-11-08',70816,69620,23977,'12-05-2022',CN
rmoycell,PyXKla0xy,dsabathell@webmd.com,'2022-08-27',91577,33464,43982,'15-02-2022',CN
dpizzielm,PuvrdvrkRoef,iwillislm@hugedomains.com,'2022-06-12',30245,8286,68884,'24-05-2022',GR
tblackabyln,zV3GTILeoHc,awollacottln@huffingtonpost.com,'2022-01-22',44858,18866,26894,'18-10-2021',BR
cternlo,LgNAfuXPe2,gmcshanelo@guardian.co.uk,'2021-10-31',24044,62800,17782,'05-05-2022',FR
noldlp,EQLtxMt6q74,grehmlp@noaa.gov,'2021-11-28',9049,43504,79363,'07-07-2022',BW
ddallemorelq,txmTTrCCEX,eavrasinlq@digg.com,'2021-10-19',44684,58999,75291,'22-02-2022',PT
lduiganlr,j6RiT25V25Kt,lpetkenlr@kickstarter.com,'2021-12-07',79377,87905,45295,'11-06-2022',ID
fjerzakls,Is7D8K,doldfieldcherryls@woothemes.com,'2022-07-18',70864,38876,55613,'29-09-2021',CN
oseekslt,4AYXIRGjTFmB,kgebbielt@goo.ne.jp,'2022-03-31',77117,80406,79394,'18-05-2022',CM
aburnsideslu,oNHkaSf7,hgaultlu@bing.com,'2022-09-07',34778,74774,75629,'09-07-2022',RU
mgabbottslv,Regu4Zfnx,qmoncreiflv@exblog.jp,'2021-11-10',24386,43373,4282,'31-08-2022',JP
rsandersonlw,1sKeJ4JwU1,zfarralllw@gizmodo.com,'2022-01-12',79534,69651,70700,'01-09-2022',MX
gurridgelx,p9WLvbIR,jwaggettlx@ftc.gov,'2022-06-06',7450,85616,28375,'15-11-2021',NG
staphousely,M1aZ0WA,lbussely@sitemeter.com,'2021-12-23',59765,29930,58528,'20-06-2022',RU
opettiferlz,9DYhO0in,packredlz@imdb.com,'2022-06-21',28326,36397,81392,'17-07-2022',CM
adewickem0,N70dJhm6,dlowndesbroughm0@ft.com,'2022-04-09',69000,69325,45350,'30-08-2022',RU
tferraronm1,dQ5bEkbKJVv,jdobinsonm1@sun.com,'2021-10-17',27179,33532,13883,'04-08-2022',JP
scastellonem2,Ckqzsnw8,asomesm2@unc.edu,'2022-05-03',1636,47639,64143,'18-02-2022',MA
snorthfieldm3,89MTnOoVryge,tpieperm3@nbcnews.com,'2022-04-01',63741,966,58575,'14-09-2022',HN
shaggithm4,blJAzlC,mpownerm4@mapquest.com,'2022-03-05',58577,12086,34500,'26-10-2021',NG
rmingamem5,PUb1jN,darmisteadm5@nbcnews.com,'2022-03-09',31962,74598,61649,'21-09-2021',CU
mgavahanm6,a4Yu5s0Kml,skmicickim6@artisteer.com,'2022-01-02',52522,17128,26528,'31-03-2022',PE
cshinefieldm7,lNpf22TQ6S,sstredwickm7@ftc.gov,'2022-05-25',53521,87117,20675,'29-10-2021',PL
bsucklingm8,ii2U7Fxq7As,maddekinm8@weebly.com,'2022-07-11',39440,95681,44391,'13-03-2022',CA
emcdavittm9,oJHioDOKD9,eblampeym9@ox.ac.uk,'2022-01-12',6189,15743,45358,'23-12-2021',TN
kyendallma,3SmpUR,hspatarulma@ucoz.ru,'2022-04-12',70029,4795,22559,'01-03-2022',BR
bbygreavesmb,Ee6MWQMAufWS,ucluttonmb@imdb.com,'2022-06-02',53787,91904,93548,'27-01-2022',US
jchanceliermc,kVQGjDsp8,pjeynessmc@lycos.com,'2022-03-29',77835,67277,31102,'18-08-2022',LB
emelsommd,nWadfybM8xK,hcameranamd@csmonitor.com,'2022-06-26',18829,43503,31590,'03-01-2022',AZ
mroggersme,cz1aNnez3gUw,prootme@wired.com,'2022-01-09',82053,96144,32128,'03-06-2022',PL
cwaddiemf,piCrnwK,rgressermf@bluehost.com,'2022-01-24',33207,84502,6706,'19-06-2022',RU
dcremermg,i5Wcl9LCMCnb,tpoulsummg@nifty.com,'2022-05-20',1018,7840,91033,'18-06-2022',CL
hpriddismh,3nngjQDg,dcasolmh@techcrunch.com,'2022-06-01',76298,12130,202,'20-12-2021',RU
rpardeymi,Wg3Kwq8,jdzenisenkami@toplist.cz,'2021-10-10',6302,91168,3755,'10-12-2021',SE
acaspermj,aJJXVUzDDB,kjirzikmj@gnu.org,'2022-01-28',45043,82846,24678,'21-10-2021',CN
jbenezemk,pg0QLAJffp,gyanshinmk@1und1.de,'2022-04-28',96808,88255,71434,'18-04-2022',AZ
hhinkleyml,4ZCgDGAIi,telsmorml@ovh.net,'2021-10-02',70536,50109,5587,'14-07-2022',CN
lhartmannmm,e5zBScSh,phyndemm@forbes.com,'2022-05-22',15721,1867,37486,'31-10-2021',VN
ethackemn,LYwIzyMp4MIi,bmacknishmn@e-recht24.de,'2022-05-12',44853,88920,3804,'31-08-2022',MN
tmcauslandmo,2QcNCO6dhGA,cstrangwoodmo@telegraph.co.uk,'2022-02-19',92201,36848,52424,'26-07-2022',GR
mstearnmp,Tv4qKMi1G4,unoltemp@i2i.jp,'2022-02-25',77434,83402,15796,'27-03-2022',BA
eeyckelmq,wL6TVFF,emcvitiemq@de.vu,'2022-05-14',45503,61320,70473,'24-09-2021',PE
ghentzemr,J5Wzope,aaizikovitzmr@alibaba.com,'2022-02-28',70682,82937,78307,'24-06-2022',DJ
cdobbyms,2AX9OB,hfranklenms@weibo.com,'2022-03-30',36722,31092,34796,'09-10-2021',CN
glightewoodmt,1SjqD8AobqV,cbachmannmt@reuters.com,'2022-03-12',31509,79230,73808,'15-03-2022',CN
rlavallemu,c6T45M,teadesmu@dell.com,'2022-03-14',39331,553,91962,'08-10-2021',KW
edurnianmv,DTtVTvVixDdI,bbowmanmv@epa.gov,'2022-06-26',33539,69067,47954,'19-08-2022',PH
acreedmw,J2bm3XlmLDh,tcolbornmw@vimeo.com,'2022-02-16',28708,73274,19291,'27-07-2022',PY
aransfieldmx,OgqG5gp,pvigiettimx@tmall.com,'2021-12-14',87110,70074,95093,'08-08-2022',RU
arobkemy,z2TzLC,vmarshmy@hp.com,'2022-08-13',79783,3810,15966,'26-06-2022',RU
ibramontmz,oCULOFiUlgf,zmariamz@mlb.com,'2022-03-29',59919,29377,27067,'25-02-2022',CN
gcoltern0,PWQixpUY65U,gbleythinn0@skyrock.com,'2021-11-22',72649,74341,85075,'14-02-2022',US
kbewshean1,bnCLFXXkkC,rarchdecknen1@yahoo.co.jp,'2022-06-09',11759,23397,33192,'19-11-2021',ID
rzoellnern2,wHjYC19LC,gedsonn2@tinypic.com,'2021-10-31',52412,45144,25472,'09-02-2022',TZ
lduerdenn3,Roz8QF,iblivenn3@java.com,'2022-08-30',84635,95982,77498,'30-04-2022',ID
kphizackerlyn4,hvqQK57vVc,elindwassern4@newyorker.com,'2022-04-11',91721,95312,80321,'09-04-2022',MN
szavittierin5,1bTGMZBUYx2,chusbandn5@ebay.com,'2021-11-21',78947,48654,68679,'03-02-2022',AR
gpiatkowskin6,6gF73KT,nassindern6@domainmarket.com,'2022-07-05',54949,53912,60519,'03-09-2022',PK
dbraddickn7,ynEeEr2mnm,mmacgeaneyn7@a8.net,'2022-03-07',86956,10347,74200,'19-11-2021',PE
nsachern8,vnwJgF7cAg,cspatarin8@fema.gov,'2021-11-06',29017,8329,75812,'17-07-2022',PY
irandlen9,8HllzC,climeburnn9@mit.edu,'2022-09-08',81411,24289,6440,'29-06-2022',FR
mparcellna,E1TeCatur,broycraftna@ask.com,'2021-09-26',96142,53790,66207,'27-06-2022',CN
csearightnb,5vZCrNdG8k,haslingnb@howstuffworks.com,'2022-04-22',72470,96763,69752,'13-08-2022',ID
mcoupernc,ji4Vhoiq,ldegiorginc@aboutads.info,'2022-07-27',45157,29855,7444,'19-09-2021',ID
smccanend,Xjtyu6PfNh,vandresnd@tinyurl.com,'2022-02-19',57523,36979,99718,'26-03-2022',DE
dkindallne,OETNKld8sv,kcolleltonne@mozilla.com,'2022-02-02',61976,56063,9409,'01-08-2022',ID
lautinnf,kvVZmoQ5,pgwinnnf@sbwire.com,'2022-05-27',59878,4062,65335,'03-06-2022',ID
mkettowng,By18WhxRY,fbyneng@nymag.com,'2021-12-07',89208,51630,20191,'25-03-2022',CZ
llukocknh,vTsurUTrcWlJ,bmarquesnh@comsenz.com,'2021-09-16',78394,81246,70625,'23-02-2022',RU
bkernesni,07UwpJEVEm,chamberstoneni@mail.ru,'2022-07-06',27871,69894,2541,'18-09-2021',CY
elimonnj,7QlNNU,hfuncheonnj@mayoclinic.com,'2022-08-21',82374,61854,51143,'09-12-2021',CO
bioannk,UgJE1H0sqv,dtinnnk@istockphoto.com,'2022-08-30',21534,70140,84081,'04-02-2022',ID
lohmsnl,SGxA1mcpHawy,rblaxleynl@histats.com,'2022-08-19',50116,70064,53617,'25-05-2022',XK
mbaughnnm,ajJvqXx,rmasdennm@google.com.au,'2022-06-20',73969,75430,50147,'14-06-2022',SY
nkuhlnn,uOfV0J,nmchirrienn@360.cn,'2021-12-27',20429,66675,37864,'28-05-2022',US
gboultwoodno,AgLgZuA64Ia,pseakingno@hexun.com,'2022-01-27',97670,20217,4164,'01-10-2021',CD
vhenninghamnp,pL6SYwsBv,fshevlanenp@behance.net,'2021-11-22',61162,9515,86007,'21-11-2021',PL
fmatisnq,k4JaNbODZo,tswadlennq@about.com,'2022-06-12',96430,93223,44671,'27-03-2022',PS
tchalcraftnr,IvWRLMxBByEc,flefwichnr@spiegel.de,'2021-11-10',31373,73348,36292,'31-08-2022',CU
ojantetns,gDsfmvJK0m9k,besseryns@nytimes.com,'2022-07-24',42232,15294,65066,'24-08-2022',BR
dmutchnt,K9m2T4Sib5e,nfancottnt@alibaba.com,'2022-05-12',43549,2279,74653,'26-01-2022',BR
rfewsternu,NAtVbU,epriggnu@weibo.com,'2022-04-02',9537,49085,91854,'25-04-2022',ID
dpetraknv,STC4Cz0NZ,jsievenv@wufoo.com,'2021-09-24',8211,99609,80503,'15-03-2022',ID
cdenningnw,USzlUMD5PL,khunnamnw@merriam-webster.com,'2022-04-08',71606,7927,52557,'21-08-2022',RU
lgoadenx,blK6bkkwc,agrimolbienx@aboutads.info,'2022-01-14',90930,53496,12399,'19-10-2021',CN
tnorleyny,RboMSxA,hvondrasekny@comsenz.com,'2021-10-09',96332,62551,68850,'26-11-2021',AM
pmarginsonnz,u8B5Xg,mstoddnz@list-manage.com,'2022-01-18',87910,69351,66034,'14-09-2022',RU
msmyleyo0,xqsCgj12bFf,hgullivero0@imageshack.us,'2022-04-01',82272,77519,12331,'16-05-2022',ID
fadrienneo1,RW87vRi,dwillcoxo1@hostgator.com,'2022-04-20',55531,40677,49789,'29-06-2022',MV
arosenstielo2,bnTi7yveV,ocrotherso2@nydailynews.com,'2022-04-04',4761,20562,89845,'01-11-2021',OM
mpettiso3,bsbHG0,owaudbyo3@yellowpages.com,'2022-01-26',30946,46367,97525,'08-09-2022',PT
rmertono4,P7DTWDzZHMO,glloydwilliamso4@phoca.cz,'2022-08-10',58431,93216,62741,'06-03-2022',AR
iribbono5,WTdoxRB0KBkg,amarcuo5@people.com.cn,'2022-02-01',22309,66871,72862,'18-12-2021',BR
mshewano6,0N7uOR,anightingaleo6@berkeley.edu,'2022-09-14',67764,95003,82448,'13-06-2022',US
bashfortho7,p8bl0qpqc77b,nstampo7@auda.org.au,'2022-05-27',19650,65203,37337,'04-06-2022',RU
egiorgionio8,jEUcxnfvQosP,rhoudhuryo8@cnbc.com,'2022-02-15',43906,64953,22915,'15-02-2022',CN
pjoanneto9,8kcyMr86FjP,kthompsetto9@github.io,'2022-03-17',96774,50436,68954,'06-08-2022',PL
lbenardeauoa,DxeoiJRW8,nlockeryoa@fc2.com,'2021-12-14',47324,43691,67464,'29-10-2021',SE
gmcasgillob,A4Vp4FCG,twandlessob@homestead.com,'2022-02-10',16068,79962,82011,'01-03-2022',CN
wkleenoc,3BvByt5wW,btommasioc@dot.gov,'2021-11-28',4286,65923,20774,'21-01-2022',PH
mrosellod,niPb2GsKQ,rbeasleighod@shop-pro.jp,'2022-07-22',10893,56139,61232,'27-06-2022',RU
lsimpkinoe,BXHL1uYjsCc,ihayoe@noaa.gov,'2022-05-20',98620,5833,90041,'20-07-2022',CM
irickardof,U7ayIYkYqjY,tjiriof@ezinearticles.com,'2022-09-13',1427,75498,54550,'22-09-2021',FI
mhovingtonog,On8lngOZT6Oe,ccotterog@scribd.com,'2022-09-06',50254,6920,51998,'07-09-2022',VE
ecelandoh,2KjvX3,cdemongeotoh@rambler.ru,'2022-06-11',77441,48786,92006,'27-03-2022',RU
roeneoi,FLBTF9n2TjM,dmilmithoi@sogou.com,'2022-01-26',19636,1897,96348,'19-02-2022',CN
jmalseroj,q0t8DI2nm88,dklaueroj@over-blog.com,'2022-05-02',55003,34287,87061,'10-05-2022',PL
lwilcinskisok,5JUBH7KG,kschuckok@kickstarter.com,'2022-07-13',6988,986,47646,'04-04-2022',FR
tmuggachol,7HvAca9o,vgiacaponiol@bbc.co.uk,'2022-04-05',77310,96445,76102,'09-12-2021',US
wconlonom,JxxriYk4F,raynsleyom@infoseek.co.jp,'2022-02-24',70198,62190,8392,'28-04-2022',ES
acamoison,e6sUyABQb,jmavenon@ning.com,'2022-02-01',58257,15805,61923,'17-01-2022',CO
ssimonianoo,0K8nKDmlvJ,cceschioo@accuweather.com,'2022-09-11',62781,25787,63390,'04-10-2021',BR
jwolfersop,qg8zTA,tvardonop@mit.edu,'2021-11-12',30595,19727,95372,'08-09-2022',CN
blotonoq,Sso9tGeLmAjR,dpollastrooq@cloudflare.com,'2022-08-27',78198,87322,46304,'13-08-2022',PH
ddeaveor,4JZsmAWB,cbraddockor@friendfeed.com,'2022-02-11',72056,96543,40316,'21-03-2022',US
msevittos,fyuotw0TdLZ,cmabbittos@sakura.ne.jp,'2022-05-10',4333,54713,8428,'17-07-2022',KE
hmartenot,Groj0a,esedgemondot@example.com,'2021-12-29',31186,10713,20990,'23-04-2022',TH
rwemesou,OOzoe1EOe1,afairbanksou@disqus.com,'2022-02-27',74944,47705,22380,'11-10-2021',BR
kweberov,z99JPYknhIRB,wmantramov@washingtonpost.com,'2022-05-17',54771,17839,73935,'18-10-2021',GE
wlecordierow,DIKjUnHMER,mshirtcliffeow@marriott.com,'2022-07-31',98823,43558,35284,'26-09-2021',MT
bhallasox,eamcaPttve,pbriskeyox@omniture.com,'2022-08-12',25928,15512,59192,'24-07-2022',JP
jdoileyoy,QL0vm8,kdenricooy@latimes.com,'2021-10-25',25900,70001,57683,'25-10-2021',PL
rkeenanoz,wbI62gOBQ,gmuckartoz@tinypic.com,'2021-09-29',59018,96357,55452,'08-10-2021',MY
rmckernanp0,uQ6OC4uFYs3,fkibbeep0@imageshack.us,'2022-03-23',3087,7070,86215,'19-02-2022',ID
kfrankenp1,UYeOWXr,golenovp1@unc.edu,'2021-12-15',18109,93753,65248,'07-03-2022',ID
jgreggersenp2,ZWvfBGGxG6,bbetteneyp2@gnu.org,'2022-06-21',48706,40769,50132,'16-07-2022',FI
pstanlikep3,VVKCT6ApNMpL,sbursnallp3@ucoz.ru,'2022-05-20',75416,79113,40583,'30-04-2022',CZ
hrusbridgep4,eCy5ckH,rjurczikp4@over-blog.com,'2022-05-23',19424,22436,70210,'24-09-2021',ID
ybreadmorep5,IldO3hrTA,dstollep5@youku.com,'2022-04-17',10300,4457,7334,'06-11-2021',PL
lgrentp6,hEfUgg,zboulstridgep6@tinypic.com,'2022-04-08',67613,10861,78524,'02-04-2022',CN
slarawayp7,1hIQTI,swadwellp7@livejournal.com,'2022-05-15',90040,34659,65437,'01-06-2022',AZ
sedisp8,b9097EWOOZ,amcsporonp8@multiply.com,'2022-05-25',79960,35131,3125,'21-12-2021',PH
pbovairdp9,SqjgHTz,amerrettp9@hatena.ne.jp,'2021-11-12',59969,3115,86049,'23-10-2021',DO
einnotpa,LYLljjFNC,afrontczakpa@addthis.com,'2022-04-19',67200,26809,22466,'09-02-2022',ID
jspierpb,8JI0R0yq4,lallawaypb@arizona.edu,'2022-05-05',63765,45116,51225,'05-04-2022',CN
mperkinpc,TVY0MhzWRK,gmillinpc@apple.com,'2022-02-26',75761,34935,74923,'17-04-2022',MG
lfishpoolepd,bx7xLlwf0,zgidneypd@businessweek.com,'2021-10-31',84659,87183,36419,'13-12-2021',CA
gniccolspe,w389pH,acalverpe@privacy.gov.au,'2021-11-24',74075,22930,37245,'11-05-2022',MK
clangmaidpf,JsqlosBss,gfullmanpf@sakura.ne.jp,'2022-06-25',81160,30231,49616,'03-09-2022',PH
bjulyanpg,jXr0xZD,dforseypg@biglobe.ne.jp,'2022-01-08',629,96426,16169,'25-06-2022',CN
asickertph,XaZGjqvvQ2,rhaccletonph@marriott.com,'2021-12-09',36609,22409,36595,'09-09-2022',CZ
ccysterpi,O7xR0VVJqa9t,amaypotherpi@chronoengine.com,'2022-07-29',83466,19694,41481,'21-11-2021',TD
kgasquoinepj,KZt41qoPgD,cduckerinpj@vistaprint.com,'2022-01-22',62651,82837,14486,'24-01-2022',JP
zebertzpk,Fc4Bg8T,lborzonipk@pcworld.com,'2021-09-22',57139,21618,2058,'05-07-2022',UA
jbooypl,MRds3XRSFQ,silyuchyovpl@sbwire.com,'2022-03-23',74801,50229,19608,'01-01-2022',ML
opascallpm,039k9any9x,kpercypm@cargocollective.com,'2022-02-05',94225,5735,86609,'17-01-2022',CN
ocoalburnpn,1YOOSMKsOSR,vcardnopn@sciencedaily.com,'2022-08-19',31754,27526,8467,'16-06-2022',VU
mspitellpo,K3bIx7,smathesonpo@icio.us,'2022-04-06',73606,45746,88761,'08-02-2022',CN
avirginpp,PVaCZeym3,ipenellapp@purevolume.com,'2022-01-26',4577,59692,91719,'20-08-2022',BD
ccolleypq,x8mLYjJc,rwotherspoonpq@blinklist.com,'2022-03-30',41511,24657,72219,'09-05-2022',FR
cmassepr,pee0zCmcs,cbartlespr@reference.com,'2022-01-07',64238,93662,79844,'19-10-2021',MK
nlacroutsps,FLaMzJqKX,rkruszelnickips@smugmug.com,'2021-11-12',18409,23517,63526,'27-10-2021',US
fizardpt,ifyDtKxaAR4g,cmcilvoraypt@flickr.com,'2021-11-28',2731,52522,30547,'15-09-2022',GT
mseivertsenpu,EgwByrpJ,anattrasspu@google.nl,'2021-11-26',41320,46998,84278,'25-02-2022',HR
ilowndsbroughpv,Rk17PdL,gronanpv@de.vu,'2022-02-05',29229,2865,46940,'10-05-2022',AR
maizkovitchpw,uPmsr8ZLsVb,gjesspw@printfriendly.com,'2021-10-03',40462,92069,61606,'21-04-2022',FR
aowerpx,D0kDFH,mcoomerpx@admin.ch,'2022-03-28',73062,60644,21297,'28-04-2022',CN
korringepy,lAQcXrJ,cpattingsonpy@nsw.gov.au,'2022-09-11',51568,63231,26733,'14-03-2022',CR
kpragnallpz,6CENKTbm,sschaperopz@reddit.com,'2022-08-16',21374,85757,2613,'21-07-2022',PH
ghasneyq0,Dvx6UNa,hclemowq0@theglobeandmail.com,'2022-07-25',56824,81330,28346,'07-01-2022',RU
anorthropq1,tC832NhXQf9,aedwardq1@msu.edu,'2022-04-07',49760,24820,7574,'19-06-2022',PK
bmoringq2,PYEusMD1zig,spobjoyq2@wix.com,'2022-02-06',72465,84946,73554,'05-02-2022',ID
ysounessq3,8dVNWkg6Hv,tloselq3@so-net.ne.jp,'2022-01-25',44741,43795,45487,'07-02-2022',CN
ggroomebridgeq4,eqhWdS,jarterq4@a8.net,'2022-03-24',63001,12403,26564,'11-08-2022',CN
gstonebanksq5,LCOICPfu90,epetrowskyq5@alexa.com,'2022-01-18',68269,73205,7622,'21-07-2022',PH
lgreenlessq6,ILW6bRZkw2,fswindleyq6@cisco.com,'2022-07-03',90335,94158,77517,'22-07-2022',ID
bpeaseq7,bqI7riVy2,hpeaurtq7@yahoo.com,'2021-10-03',64035,86016,2751,'05-03-2022',CN
chaskerq8,fO7lX40UNKWC,dmcnameeq8@intel.com,'2021-11-07',63151,22042,38256,'15-02-2022',VE
finsoleq9,6IOKfZC50Z9t,lhansonq9@altervista.org,'2021-09-26',75244,3549,48410,'25-12-2021',CA
ijoulqa,XiJojZKLIUX,kgonnetqa@lulu.com,'2022-04-23',94286,43886,23571,'28-02-2022',CN
cpaskqb,oTSkZrfiej,tgookeyqb@sohu.com,'2022-08-02',5181,26057,29368,'01-03-2022',PH
gboundqc,iT2pAU4yM,jmainzqc@webnode.com,'2021-12-06',34717,67385,79628,'12-05-2022',PH
ihellwingqd,y90vRmiNx,schasleqd@list-manage.com,'2022-04-13',92956,1102,79173,'06-02-2022',CN
dfranceyqe,rLzMlJLmRFew,cbasilottaqe@abc.net.au,'2022-04-04',42282,73736,75479,'27-03-2022',RU
tdecreuzeqf,1lpA7Hyx,bperfiliqf@altervista.org,'2021-12-29',92689,24020,93483,'06-10-2021',CO
brambergqg,wDwmAgmJF,mgeesonqg@istockphoto.com,'2021-11-20',49766,37445,22174,'14-06-2022',CI
bgerrellqh,FHfuXLG,ecatchesideqh@home.pl,'2021-11-21',63215,3318,16209,'21-01-2022',TH
jgaffneyqi,des4X578gS0G,ekleinsteinqi@istockphoto.com,'2022-04-20',72310,25792,19801,'06-06-2022',BR
lkeuneqj,gpOaBKC6Wn,fgiffqj@tinypic.com,'2022-02-18',43594,38774,72746,'17-04-2022',US
vlowreqk,pUA7Oak,cmatesqk@noaa.gov,'2022-02-07',44284,73104,94554,'02-12-2021',CN
hparminterql,LLMPV9ZpoPK,nharradenceql@webmd.com,'2021-10-18',88352,42657,97273,'19-03-2022',SE
vbirkbeckqm,J2mp0o,kdesaurqm@senate.gov,'2022-06-03',17530,16724,97892,'14-03-2022',RU
rgoodaqn,mC6Toc9i08B,agennrichqn@noaa.gov,'2022-01-31',16960,6358,79598,'13-07-2022',VN
gpayneqo,9E4DOU8V,fyedallqo@java.com,'2022-08-14',70007,67018,3345,'12-05-2022',AF
jtremethackqp,hwDkjt,mrowburyqp@newyorker.com,'2021-12-29',64470,44465,54490,'24-07-2022',ID
mtizzardqq,krRCric65Q,mkyddeqq@aboutads.info,'2022-07-03',73207,31080,28826,'07-11-2021',FR
mhaldenqr,zTYz6CvxcX5,aharrymanqr@tumblr.com,'2022-07-24',92303,9714,35067,'25-12-2021',ID
pfleischerqs,WeFJrxd4w,acaswellqs@wikia.com,'2022-06-14',92531,24080,72562,'26-04-2022',ID
sriponqt,pdbEw9lSRFG,rsibyllaqt@livejournal.com,'2021-10-04',17338,24963,9470,'31-08-2022',FR
ashadfourthqu,tuuCrb5y,pwilcottqu@surveymonkey.com,'2021-10-21',3814,51674,74668,'20-08-2022',YE
amandalqv,86g9s8jz87J,imuxworthyqv@desdev.cn,'2022-06-16',88174,6075,36063,'02-06-2022',KZ
mspinelliqw,shD8n4bDqTk,egherardiqw@icio.us,'2022-04-21',86316,46556,26356,'25-12-2021',CR
tranaghanqx,uTEjnVz4d7I,kjentzschqx@barnesandnoble.com,'2021-10-06',75308,70921,1168,'08-04-2022',KR
msuattqy,8vNj2wzl0,mcordieqy@nps.gov,'2021-12-14',42640,27834,95871,'23-06-2022',PH
iupstonqz,bXLt32OT0Mu,shalleyqz@altervista.org,'2022-07-29',91090,71521,31663,'13-07-2022',PL
ploffillr0,YaylMUotwkR,cflipsenr0@vk.com,'2021-11-08',30854,97183,61937,'05-06-2022',UA
wcullinaner1,cejROqUMLufn,dwincottr1@google.cn,'2022-02-04',15639,33530,35211,'26-06-2022',RU
tfundellr2,d9TyFD8,egaskinr2@huffingtonpost.com,'2021-12-31',76270,86735,27339,'05-04-2022',CN
rtallmanr3,PcNJZunZ,milyushkinr3@java.com,'2022-03-01',11366,67778,95305,'20-11-2021',ID
ptiltmanr4,DYTIQ8,ojahnerr4@studiopress.com,'2022-02-14',20300,1106,73967,'15-02-2022',SY
wferrettir5,nsRMyfZZbody,dkitcattr5@latimes.com,'2022-04-28',95693,72566,3679,'06-11-2021',CN
rkitleer6,S75kkZ7,jblader6@indiatimes.com,'2022-05-22',18864,77157,20482,'11-07-2022',LY
ijuniferr7,eWlY1v7,izarfair7@virginia.edu,'2021-11-11',66690,29813,37949,'06-11-2021',ID
wpearsr8,PUm7idUASr,mtrawinr8@psu.edu,'2022-07-02',37127,80219,36389,'29-04-2022',PL
awoolfendenr9,iwkUVNk0lSy,goverelr9@wunderground.com,'2022-05-17',86548,91098,18263,'03-07-2022',GR
mvasiliura,hIf0oeM137G,amansellra@over-blog.com,'2022-08-10',44486,16356,42447,'02-10-2021',RU
ilaughrenrb,YVasDfR5LeQe,rsimerb@google.ru,'2022-07-27',50108,44359,70729,'20-10-2021',CN
ttelferrc,35QwpiOt5o,freinarc@naver.com,'2021-12-11',15118,30968,22818,'25-06-2022',PH
bmacmychemrd,MVAZtcisRjv,cmilthorperd@china.com.cn,'2022-08-05',99124,12134,86195,'21-09-2021',AF
tcantwellre,XwPyEgoKAg9A,bmunksre@eepurl.com,'2022-02-15',72750,86997,5830,'05-05-2022',ID
sannottrf,0VFQX6,gocrevanrf@europa.eu,'2022-04-09',34606,73501,58693,'04-11-2021',ID
bvogelrg,NfKDEKCYvXi,ibidnallrg@cisco.com,'2022-03-03',84755,50218,69156,'09-05-2022',CN
hharkessrh,A6XnJICtRW,jumbersrh@ucoz.ru,'2021-09-29',53802,47698,64685,'30-01-2022',PH
tfareweatherri,Eo5B7PfPepYr,cscullyri@hugedomains.com,'2022-01-03',49631,12914,98832,'14-12-2021',VN
dpeakerj,cGQx6AZGl,sdessentrj@lycos.com,'2022-03-22',10094,29915,18184,'29-09-2021',CN
dtamplinrk,EZdpFA,hmewettrk@liveinternet.ru,'2021-11-15',64753,89017,33215,'12-08-2022',CZ
sbasekerl,W4PpYOIlH,hharcerl@cnn.com,'2022-05-17',56718,65135,13654,'25-09-2021',BR
jduntonrm,KgoPZwtUGB,lhartlessrm@acquirethisname.com,'2022-03-11',99016,17539,57934,'03-10-2021',CN
gjacobowitzrn,Rqpk9cSNhbvE,vpatyrn@moonfruit.com,'2021-11-29',96279,1453,24116,'01-12-2021',PL
cjagelsro,9OjBW7,mwinsparero@squarespace.com,'2022-05-10',17602,95052,4519,'30-08-2022',PL
rbraidleyrp,2IrsjzC,hdrinnanrp@shinystat.com,'2022-05-07',14055,87550,86388,'02-12-2021',PH
jtantirq,Nrr4Kf6,edesimonerq@miibeian.gov.cn,'2022-07-20',29376,79167,79110,'24-06-2022',AD
mjocicrr,nPC7pp9t53,kghirardirr@blogspot.com,'2022-06-20',45290,9252,85975,'21-03-2022',PT
